player_id,player_name,team,position,as_of_date,age,age_sq,age_over_30,is_big,is_guard,minutes_l7,minutes_l14,minutes_l30,minutes_spike_7v30,games_l7,games_l14,games_l30,road_games_l14,back_to_backs_l14,avg_rest_days_l14,minutes_trend_slope,season_minutes_total,games_played_season,usage_proxy,team_pace,efficiency_drop,prior_injuries_365d,days_since_last_injury,injury_prone_flag,recurrence_same_area,injured_next_14d,true_risk
1020,Nikola Jokic,DEN,C,2025-03-12,32,10.24,2.0,1,0,27.04,30.54,31.6,-0.144,1,3,10,0,1,1.86,0.173,1866.9,65,0.876,97.5,0.031,2,70,0,0,1,0.4991
1038,De'Aaron Fox,SAC,PG,2025-03-18,28,7.84,0.0,0,1,35.57,32.08,29.74,0.196,2,6,13,2,2,1.62,0.467,2095.5,70,0.878,101.61,0.095,0,130,0,0,1,0.5306
1041,Paolo Banchero,ORL,PF,2025-03-20,24,5.76,0.0,1,0,27.98,29.7,23.4,0.196,1,3,8,2,1,1.53,-0.13,2031.4,72,0.831,97.58,0.0,0,194,0,0,0,0.2868
1046,Karl-Anthony Towns,NYK,C,2025-03-21,29,8.41,0.0,1,0,30.65,29.08,23.33,0.314,4,6,13,3,1,1.87,0.132,1754.4,72,0.79,97.6,0.101,1,67,0,1,0,0.7729
1015,Devin Booker,PHX,SG,2025-03-22,29,8.41,0.0,0,1,25.61,27.64,32.86,-0.22,3,6,14,6,1,2.04,0.283,1963.7,72,0.805,100.37,0.068,2,59,0,1,1,0.6733
1040,Pascal Siakam,IND,PF,2025-03-22,31,9.61,1.0,1,0,21.98,23.41,27.42,-0.198,2,6,10,3,1,1.73,-0.06,1558.3,70,0.727,103.69,0.073,0,299,0,0,1,0.234
1014,Kevin Durant,PHX,SF,2025-03-23,36,12.96,6.0,0,0,33.45,33.68,35.06,-0.046,2,4,12,4,1,0.7,-0.646,2348.8,72,0.852,98.66,0.0,0,157,0,0,1,0.2753
1003,D'Angelo Russell,LAL,PG,2025-03-24,30,9.0,0.0,0,1,32.9,30.05,35.36,-0.07,3,7,11,7,2,1.41,-1.022,2432.5,72,0.91,98.74,0.021,0,362,0,0,0,0.361
1027,Ja Morant,MEM,PG,2025-03-24,26,6.76,0.0,0,1,33.2,34.25,32.13,0.033,3,6,13,1,0,1.46,-0.32,2363.2,70,0.77,101.45,0.045,1,39,1,1,0,0.5106
1045,Trae Young,ATL,PG,2025-03-24,26,6.76,0.0,0,1,20.18,21.86,23.0,-0.123,1,3,9,1,1,0.81,0.071,1667.9,72,0.921,102.91,0.0,2,87,0,1,0,0.4515
1002,Austin Reaves,LAL,SG,2025-03-26,27,7.29,0.0,0,1,26.73,29.99,35.93,-0.256,2,5,9,5,0,1.43,-0.274,2228.3,72,0.622,99.39,0.02,0,247,0,0,0,0.1015
1032,Bam Adebayo,MIA,C,2025-03-26,29,8.41,0.0,1,0,33.84,30.19,30.25,0.119,2,4,9,3,2,1.17,-0.83,2151.1,70,0.5,97.28,0.014,1,59,0,1,1,0.7927
1029,Kawhi Leonard,LAC,SF,2025-03-26,34,11.56,4.0,0,0,29.05,26.98,23.61,0.23,1,3,11,1,0,1.49,-0.2,1865.1,72,0.443,97.96,0.076,1,21,1,1,1,0.5936
1023,Luka Doncic,DAL,PG,2025-03-26,26,6.76,0.0,0,1,33.56,33.83,30.28,0.108,1,4,8,0,0,2.05,-0.492,2482.3,71,0.769,99.87,0.0,1,84,0,0,0,0.1881
1016,Bradley Beal,PHX,SG,2025-03-27,31,9.61,1.0,0,1,38.67,33.86,37.25,0.038,2,6,15,3,0,2.13,-0.402,2564.3,71,0.896,98.81,0.03,0,284,0,0,0,0.135
1031,Jimmy Butler,MIA,SF,2025-03-27,37,13.69,7.0,0,0,37.73,39.62,36.76,0.026,3,6,11,3,0,2.3,-0.073,2772.4,72,0.908,97.15,0.031,3,88,1,1,0,0.7043
1025,Joel Embiid,PHI,C,2025-03-27,31,9.61,1.0,1,0,21.52,26.46,24.1,-0.107,3,7,11,3,0,2.01,-0.225,1791.1,72,1.06,96.45,0.063,1,72,1,1,1,0.5239
1009,Kristaps Porzingis,BOS,C,2025-03-27,31,9.61,1.0,1,0,33.4,34.11,30.91,0.08,2,4,13,3,0,1.31,-0.348,2214.3,72,0.586,98.74,0.024,1,51,0,0,0,0.4603
1024,Kyrie Irving,DAL,SG,2025-03-27,32,10.24,2.0,0,1,31.36,34.2,36.43,-0.139,1,5,13,5,0,1.31,-0.43,2424.1,72,0.746,99.27,0.0,0,241,0,0,0,0.1344
1013,Andrew Wiggins,GSW,SF,2025-03-28,30,9.0,0.0,0,0,38.53,34.68,32.76,0.176,2,6,12,4,2,1.63,0.286,2188.8,71,0.437,103.27,0.092,0,229,0,0,0,0.4529
1019,Brook Lopez,MIL,C,2025-03-28,38,14.44,8.0,1,0,25.23,25.73,27.76,-0.091,3,5,14,2,1,1.93,0.501,1857.0,72,0.562,100.18,0.072,0,264,0,0,0,0.3245
1034,Donovan Mitchell,CLE,SG,2025-03-28,30,9.0,0.0,0,1,34.67,31.7,29.86,0.161,3,7,14,5,0,0.99,-0.0,1980.0,72,0.823,97.1,0.208,0,194,0,0,0,0.2316
1005,Jarred Vanderbilt,LAL,SF,2025-03-28,26,6.76,0.0,0,0,30.52,32.72,30.47,0.002,1,4,9,1,1,1.33,-0.984,2220.1,72,0.705,98.36,0.068,0,356,0,0,0,0.1275
1026,Tyrese Maxey,PHI,PG,2025-03-28,26,6.76,0.0,0,1,37.72,37.98,33.58,0.123,1,4,11,1,0,1.27,0.125,2490.3,72,0.686,97.86,0.113,1,26,0,1,1,0.4858
1036,Anthony Edwards,MIN,SG,2025-03-29,24,5.76,0.0,0,1,21.61,17.13,20.93,0.033,1,5,11,1,0,2.09,-0.071,1513.1,72,0.735,99.3,0.0,0,309,0,0,0,0.0502
1010,Derrick White,BOS,SG,2025-03-29,31,9.61,1.0,0,1,28.8,29.94,27.34,0.054,2,6,10,5,1,1.16,-0.276,1914.0,71,0.701,98.46,0.032,0,217,0,0,0,0.1999
1037,Domantas Sabonis,SAC,C,2025-03-29,31,9.61,1.0,1,0,36.93,35.65,29.68,0.244,2,5,10,0,3,0.8,1.062,2231.5,72,0.705,101.39,0.137,0,368,0,0,0,0.7498
1012,Draymond Green,GSW,PF,2025-03-29,36,12.96,6.0,1,0,27.52,28.0,26.81,0.027,1,5,10,1,0,2.47,-0.039,1893.5,71,0.992,103.27,0.009,0,388,0,0,0,0.1493
1017,Giannis Antetokounmpo,MIL,PF,2025-03-29,31,9.61,1.0,1,0,26.78,26.27,28.46,-0.059,2,6,15,5,0,1.96,-0.126,1897.8,72,0.77,101.15,0.0,0,199,0,0,0,0.1983
1006,Jayson Tatum,BOS,SF,2025-03-29,27,7.29,0.0,0,0,35.19,33.44,34.2,0.029,2,5,10,4,1,1.44,-0.14,2614.7,72,0.529,98.46,0.039,0,363,0,0,0,0.1908
1000,LeBron James,LAL,SF,2025-03-29,41,16.81,11.0,0,0,26.88,27.77,25.58,0.051,1,3,10,3,3,1.03,0.019,1803.2,72,0.84,98.26,0.0,0,353,0,0,1,0.4826
1004,Rui Hachimura,LAL,PF,2025-03-29,27,7.29,0.0,1,0,35.97,32.98,32.0,0.124,2,4,11,2,1,1.42,-0.794,2397.5,72,0.562,100.56,0.0,1,55,0,0,1,0.5836
1042,Victor Wembanyama,SAS,C,2025-03-29,21,4.41,0.0,1,0,23.28,19.93,28.16,-0.173,1,3,12,1,0,1.84,-0.154,1682.6,72,0.675,100.29,0.032,0,175,0,0,0,0.1115
1022,Aaron Gordon,DEN,PF,2025-03-30,29,8.41,0.0,1,0,37.59,35.74,33.53,0.121,2,5,13,4,0,1.3,-0.01,2448.4,72,0.536,97.98,0.051,1,76,0,0,1,0.5009
1001,Anthony Davis,LAL,PF,2025-03-30,33,10.89,3.0,1,0,31.02,33.36,33.14,-0.064,1,4,10,4,0,1.84,-0.186,2304.9,72,0.675,100.26,0.022,0,178,1,0,1,0.2888
1018,Damian Lillard,MIL,PG,2025-03-30,35,12.25,5.0,0,1,25.35,22.92,20.02,0.266,1,3,8,1,0,2.95,-0.457,1671.4,72,0.856,100.89,0.0,1,21,0,0,0,0.2859
1047,Jalen Brunson,NYK,PG,2025-03-30,28,7.84,0.0,0,1,28.37,29.43,26.65,0.064,3,6,10,2,1,1.82,-0.408,1810.1,72,0.936,97.76,0.035,0,154,0,0,0,0.173
1021,Jamal Murray,DEN,PG,2025-03-30,28,7.84,0.0,0,1,31.92,31.29,33.76,-0.055,3,7,11,1,0,2.26,-0.448,2401.1,72,0.931,99.17,0.0,0,320,0,0,0,0.0644
1007,Jaylen Brown,BOS,SG,2025-03-30,29,8.41,0.0,0,1,26.38,27.66,31.97,-0.175,2,4,12,0,3,1.02,0.445,1959.1,72,0.883,99.27,0.061,1,37,0,1,0,0.7264
1008,Jrue Holiday,BOS,PG,2025-03-30,37,13.69,7.0,0,1,30.18,30.01,30.33,-0.005,1,3,12,3,1,0.6,0.547,2300.6,72,0.792,100.03,0.107,0,255,0,0,0,0.2761
1044,LaMelo Ball,CHA,PG,2025-03-30,25,6.25,0.0,0,1,25.64,20.1,16.43,0.56,1,5,10,3,1,1.24,-0.292,1412.7,72,0.652,100.32,0.0,3,57,1,1,1,0.85
1030,Paul George,LAC,SF,2025-03-30,36,12.96,6.0,0,0,19.77,19.81,20.91,-0.055,2,6,11,1,1,1.75,-0.407,1517.8,72,0.833,98.3,0.042,0,238,0,0,0,0.1147
1043,Scottie Barnes,TOR,SF,2025-03-30,25,6.25,0.0,0,0,19.31,18.15,20.22,-0.045,2,4,13,0,0,1.99,0.325,1455.6,72,0.913,99.99,0.053,1,18,0,0,1,0.1939
1035,Shai Gilgeous-Alexander,OKC,PG,2025-03-30,28,7.84,0.0,0,1,24.49,24.61,24.34,0.006,1,4,9,0,2,1.29,0.348,1795.3,72,0.733,99.14,0.009,0,388,0,0,0,0.1746
1011,Stephen Curry,GSW,PG,2025-03-30,39,15.21,9.0,0,1,31.17,33.73,35.91,-0.132,1,3,10,0,1,1.5,-0.825,2357.0,72,1.024,102.57,0.0,0,336,0,0,0,0.1963
1033,Tyler Herro,MIA,SG,2025-03-30,26,6.76,0.0,0,1,29.26,32.92,28.36,0.032,1,4,9,4,0,1.52,-0.198,2100.2,72,1.016,96.36,0.064,1,36,0,0,1,0.3254
1039,Tyrese Haliburton,IND,PG,2025-03-30,27,7.29,0.0,0,1,36.42,34.05,38.0,-0.042,2,4,12,1,0,1.9,0.925,2529.5,72,0.86,103.88,0.084,1,46,0,1,0,0.5079
1028,Zion Williamson,NOP,PF,2025-03-30,26,6.76,0.0,1,0,28.21,31.58,30.44,-0.073,3,6,11,0,0,1.62,-0.234,2189.2,72,0.551,100.52,0.009,1,81,1,1,1,0.4561
