player_name,team,position,age,game_date,minutes,is_b2b,is_injury_event
LeBron James,LAL,SF,41,2024-10-22,34.7,0,0
LeBron James,LAL,SF,41,2024-10-24,39.7,0,0
LeBron James,LAL,SF,41,2024-10-27,27.5,0,0
LeBron James,LAL,SF,41,2024-10-28,28.9,0,0
LeBron James,LAL,SF,41,2024-11-01,18.8,0,0
LeBron James,LAL,SF,41,2024-11-03,33.0,0,0
LeBron James,LAL,SF,41,2024-11-04,24.2,0,0
LeBron James,LAL,SF,41,2024-11-07,30.2,0,0
LeBron James,LAL,SF,41,2024-11-09,27.4,0,0
LeBron James,LAL,SF,41,2024-11-11,32.8,0,0
LeBron James,LAL,SF,41,2024-11-15,26.7,0,0
LeBron James,LAL,SF,41,2024-11-17,25.0,0,0
LeBron James,LAL,SF,41,2024-11-19,23.5,0,0
LeBron James,LAL,SF,41,2024-11-20,27.9,0,0
LeBron James,LAL,SF,41,2024-11-23,42.6,0,0
LeBron James,LAL,SF,41,2024-11-26,28.6,0,0
LeBron James,LAL,SF,41,2024-11-27,31.5,0,0
LeBron James,LAL,SF,41,2024-11-30,21.8,0,0
LeBron James,LAL,SF,41,2024-12-02,30.1,0,0
LeBron James,LAL,SF,41,2024-12-05,33.2,0,0
LeBron James,LAL,SF,41,2024-12-07,32.1,0,0
LeBron James,LAL,SF,41,2024-12-09,29.3,0,0
LeBron James,LAL,SF,41,2024-12-12,19.4,0,0
LeBron James,LAL,SF,41,2024-12-14,25.2,0,0
LeBron James,LAL,SF,41,2024-12-16,32.8,0,0
LeBron James,LAL,SF,41,2024-12-18,36.2,0,0
LeBron James,LAL,SF,41,2024-12-20,28.5,0,0
LeBron James,LAL,SF,41,2024-12-24,20.1,0,0
LeBron James,LAL,SF,41,2024-12-26,31.3,0,0
LeBron James,LAL,SF,41,2024-12-28,21.1,0,0
LeBron James,LAL,SF,41,2024-12-30,28.2,0,0
LeBron James,LAL,SF,41,2025-01-01,34.4,0,0
LeBron James,LAL,SF,41,2025-01-04,25.2,0,0
LeBron James,LAL,SF,41,2025-01-05,21.2,0,0
LeBron James,LAL,SF,41,2025-01-09,28.6,0,0
LeBron James,LAL,SF,41,2025-01-10,28.9,0,0
LeBron James,LAL,SF,41,2025-01-12,27.0,0,0
LeBron James,LAL,SF,41,2025-01-16,27.6,0,0
LeBron James,LAL,SF,41,2025-01-18,33.3,0,0
LeBron James,LAL,SF,41,2025-01-20,29.8,0,0
Anthony Davis,LAL,PF,33,2024-10-22,31.2,0,0
Anthony Davis,LAL,PF,33,2024-10-25,33.8,0,0
Anthony Davis,LAL,PF,33,2024-10-27,23.6,0,0
Anthony Davis,LAL,PF,33,2024-10-29,37.6,0,0
Anthony Davis,LAL,PF,33,2024-10-31,33.3,0,0
Anthony Davis,LAL,PF,33,2024-11-02,44.0,0,0
Anthony Davis,LAL,PF,33,2024-11-04,32.5,0,0
Anthony Davis,LAL,PF,33,2024-11-07,32.4,0,0
Anthony Davis,LAL,PF,33,2024-11-09,9.4,0,1
Anthony Davis,LAL,PF,33,2024-11-12,17.6,0,0
Anthony Davis,LAL,PF,33,2024-11-14,31.7,0,0
Anthony Davis,LAL,PF,33,2024-11-17,36.7,0,0
Anthony Davis,LAL,PF,33,2024-11-18,37.4,0,0
Anthony Davis,LAL,PF,33,2024-11-21,27.5,0,0
Anthony Davis,LAL,PF,33,2024-11-24,35.7,0,0
Anthony Davis,LAL,PF,33,2024-11-26,28.1,0,0
Anthony Davis,LAL,PF,33,2024-11-28,23.0,0,0
Anthony Davis,LAL,PF,33,2024-11-30,34.3,0,0
Anthony Davis,LAL,PF,33,2024-12-02,31.8,0,0
Anthony Davis,LAL,PF,33,2024-12-05,34.6,0,0
Anthony Davis,LAL,PF,33,2024-12-07,25.8,0,0
Anthony Davis,LAL,PF,33,2024-12-09,35.8,0,0
Anthony Davis,LAL,PF,33,2024-12-11,11.0,0,1
Anthony Davis,LAL,PF,33,2024-12-14,31.5,0,0
Anthony Davis,LAL,PF,33,2024-12-17,31.4,0,0
Anthony Davis,LAL,PF,33,2024-12-18,33.2,0,0
Anthony Davis,LAL,PF,33,2024-12-21,27.6,0,0
Anthony Davis,LAL,PF,33,2024-12-23,34.1,0,0
Anthony Davis,LAL,PF,33,2024-12-26,36.3,0,0
Anthony Davis,LAL,PF,33,2024-12-27,32.9,0,0
Anthony Davis,LAL,PF,33,2024-12-31,28.3,0,0
Anthony Davis,LAL,PF,33,2025-01-02,26.9,0,0
Anthony Davis,LAL,PF,33,2025-01-03,32.4,0,0
Anthony Davis,LAL,PF,33,2025-01-05,11.4,0,1
Anthony Davis,LAL,PF,33,2025-01-08,31.8,0,0
Anthony Davis,LAL,PF,33,2025-01-10,28.5,0,0
Anthony Davis,LAL,PF,33,2025-01-13,33.4,0,0
Anthony Davis,LAL,PF,33,2025-01-15,25.8,0,0
Anthony Davis,LAL,PF,33,2025-01-17,30.3,0,0
Anthony Davis,LAL,PF,33,2025-01-19,29.4,0,0
Austin Reaves,LAL,SG,27,2024-10-22,33.1,0,0
Austin Reaves,LAL,SG,27,2024-10-24,22.0,0,0
Austin Reaves,LAL,SG,27,2024-10-27,25.5,0,0
Austin Reaves,LAL,SG,27,2024-10-28,21.2,0,0
Austin Reaves,LAL,SG,27,2024-10-31,22.1,0,0
Austin Reaves,LAL,SG,27,2024-11-02,26.2,0,0
Austin Reaves,LAL,SG,27,2024-11-04,27.6,0,0
Austin Reaves,LAL,SG,27,2024-11-08,28.9,0,0
Austin Reaves,LAL,SG,27,2024-11-10,24.2,0,0
Austin Reaves,LAL,SG,27,2024-11-12,22.6,0,0
Austin Reaves,LAL,SG,27,2024-11-15,25.3,0,0
Austin Reaves,LAL,SG,27,2024-11-16,21.1,0,0
Austin Reaves,LAL,SG,27,2024-11-19,24.8,0,0
Austin Reaves,LAL,SG,27,2024-11-21,29.3,0,0
Austin Reaves,LAL,SG,27,2024-11-24,38.7,0,0
Austin Reaves,LAL,SG,27,2024-11-25,31.2,0,0
Austin Reaves,LAL,SG,27,2024-11-28,17.1,0,0
Austin Reaves,LAL,SG,27,2024-12-01,20.4,0,0
Austin Reaves,LAL,SG,27,2024-12-03,20.0,0,0
Austin Reaves,LAL,SG,27,2024-12-05,28.2,0,0
Austin Reaves,LAL,SG,27,2024-12-07,29.4,0,0
Austin Reaves,LAL,SG,27,2024-12-09,29.0,0,0
Austin Reaves,LAL,SG,27,2024-12-11,36.5,0,0
Austin Reaves,LAL,SG,27,2024-12-13,27.8,0,0
Austin Reaves,LAL,SG,27,2024-12-17,32.2,0,0
Austin Reaves,LAL,SG,27,2024-12-18,32.4,0,0
Austin Reaves,LAL,SG,27,2024-12-20,33.2,0,0
Austin Reaves,LAL,SG,27,2024-12-23,25.8,0,0
Austin Reaves,LAL,SG,27,2024-12-26,25.8,0,0
Austin Reaves,LAL,SG,27,2024-12-28,26.5,0,0
Austin Reaves,LAL,SG,27,2024-12-30,29.8,0,0
Austin Reaves,LAL,SG,27,2025-01-01,23.8,0,0
Austin Reaves,LAL,SG,27,2025-01-03,30.3,0,0
Austin Reaves,LAL,SG,27,2025-01-05,27.0,0,0
Austin Reaves,LAL,SG,27,2025-01-09,36.3,0,0
Austin Reaves,LAL,SG,27,2025-01-11,30.5,0,0
Austin Reaves,LAL,SG,27,2025-01-13,19.0,0,0
Austin Reaves,LAL,SG,27,2025-01-16,22.6,0,0
Austin Reaves,LAL,SG,27,2025-01-18,24.4,0,0
Austin Reaves,LAL,SG,27,2025-01-20,31.1,0,0
D'Angelo Russell,LAL,PG,29,2024-10-23,27.7,0,0
D'Angelo Russell,LAL,PG,29,2024-10-25,23.5,0,0
D'Angelo Russell,LAL,PG,29,2024-10-27,26.9,0,0
D'Angelo Russell,LAL,PG,29,2024-10-29,22.4,0,0
D'Angelo Russell,LAL,PG,29,2024-11-01,30.5,0,0
D'Angelo Russell,LAL,PG,29,2024-11-02,29.7,0,0
D'Angelo Russell,LAL,PG,29,2024-11-04,23.7,0,0
D'Angelo Russell,LAL,PG,29,2024-11-08,38.3,0,0
D'Angelo Russell,LAL,PG,29,2024-11-09,29.3,0,0
D'Angelo Russell,LAL,PG,29,2024-11-11,29.9,0,0
D'Angelo Russell,LAL,PG,29,2024-11-15,37.5,0,0
D'Angelo Russell,LAL,PG,29,2024-11-17,27.9,0,0
D'Angelo Russell,LAL,PG,29,2024-11-18,25.9,0,0
D'Angelo Russell,LAL,PG,29,2024-11-20,33.7,0,0
D'Angelo Russell,LAL,PG,29,2024-11-23,32.8,0,0
D'Angelo Russell,LAL,PG,29,2024-11-25,20.7,0,0
D'Angelo Russell,LAL,PG,29,2024-11-27,27.7,0,0
D'Angelo Russell,LAL,PG,29,2024-12-01,25.7,0,0
D'Angelo Russell,LAL,PG,29,2024-12-03,20.2,0,0
D'Angelo Russell,LAL,PG,29,2024-12-04,31.7,0,0
D'Angelo Russell,LAL,PG,29,2024-12-07,24.8,0,0
D'Angelo Russell,LAL,PG,29,2024-12-09,33.8,0,0
D'Angelo Russell,LAL,PG,29,2024-12-12,26.0,0,0
D'Angelo Russell,LAL,PG,29,2024-12-13,29.9,0,0
D'Angelo Russell,LAL,PG,29,2024-12-17,31.4,0,0
D'Angelo Russell,LAL,PG,29,2024-12-18,23.6,0,0
D'Angelo Russell,LAL,PG,29,2024-12-20,33.9,0,0
D'Angelo Russell,LAL,PG,29,2024-12-24,29.5,0,0
D'Angelo Russell,LAL,PG,29,2024-12-25,31.1,0,0
D'Angelo Russell,LAL,PG,29,2024-12-28,19.4,0,0
D'Angelo Russell,LAL,PG,29,2024-12-31,24.7,0,0
D'Angelo Russell,LAL,PG,29,2025-01-01,30.8,0,0
D'Angelo Russell,LAL,PG,29,2025-01-03,28.7,0,0
D'Angelo Russell,LAL,PG,29,2025-01-05,29.5,0,0
D'Angelo Russell,LAL,PG,29,2025-01-08,23.8,0,0
D'Angelo Russell,LAL,PG,29,2025-01-10,31.6,0,0
D'Angelo Russell,LAL,PG,29,2025-01-12,22.1,0,0
D'Angelo Russell,LAL,PG,29,2025-01-15,17.9,0,0
D'Angelo Russell,LAL,PG,29,2025-01-18,24.2,0,0
D'Angelo Russell,LAL,PG,29,2025-01-20,26.7,0,0
Rui Hachimura,LAL,PF,27,2024-10-23,28.1,0,0
Rui Hachimura,LAL,PF,27,2024-10-24,25.8,0,0
Rui Hachimura,LAL,PF,27,2024-10-26,27.8,0,0
Rui Hachimura,LAL,PF,27,2024-10-29,23.6,0,0
Rui Hachimura,LAL,PF,27,2024-11-01,27.7,0,0
Rui Hachimura,LAL,PF,27,2024-11-02,30.7,0,0
Rui Hachimura,LAL,PF,27,2024-11-04,34.8,0,0
Rui Hachimura,LAL,PF,27,2024-11-08,35.8,0,0
Rui Hachimura,LAL,PF,27,2024-11-10,35.8,0,0
Rui Hachimura,LAL,PF,27,2024-11-12,27.6,0,0
Rui Hachimura,LAL,PF,27,2024-11-14,25.2,0,0
Rui Hachimura,LAL,PF,27,2024-11-16,18.3,0,0
Rui Hachimura,LAL,PF,27,2024-11-19,32.0,0,0
Rui Hachimura,LAL,PF,27,2024-11-21,23.2,0,0
Rui Hachimura,LAL,PF,27,2024-11-24,22.8,0,0
Rui Hachimura,LAL,PF,27,2024-11-25,26.1,0,0
Rui Hachimura,LAL,PF,27,2024-11-27,34.6,0,0
Rui Hachimura,LAL,PF,27,2024-12-01,33.3,0,0
Rui Hachimura,LAL,PF,27,2024-12-02,22.9,0,0
Rui Hachimura,LAL,PF,27,2024-12-05,31.2,0,0
Rui Hachimura,LAL,PF,27,2024-12-08,27.2,0,0
Rui Hachimura,LAL,PF,27,2024-12-10,33.6,0,0
Rui Hachimura,LAL,PF,27,2024-12-12,21.3,0,0
Rui Hachimura,LAL,PF,27,2024-12-13,23.3,0,0
Rui Hachimura,LAL,PF,27,2024-12-17,26.4,0,0
Rui Hachimura,LAL,PF,27,2024-12-19,30.5,0,0
Rui Hachimura,LAL,PF,27,2024-12-21,35.9,0,0
Rui Hachimura,LAL,PF,27,2024-12-23,23.0,0,0
Rui Hachimura,LAL,PF,27,2024-12-25,30.1,0,0
Rui Hachimura,LAL,PF,27,2024-12-28,39.9,0,0
Rui Hachimura,LAL,PF,27,2024-12-31,27.2,0,0
Rui Hachimura,LAL,PF,27,2025-01-02,31.4,0,0
Rui Hachimura,LAL,PF,27,2025-01-03,28.1,0,0
Rui Hachimura,LAL,PF,27,2025-01-05,33.0,0,0
Rui Hachimura,LAL,PF,27,2025-01-08,34.6,0,0
Rui Hachimura,LAL,PF,27,2025-01-11,33.3,0,0
Rui Hachimura,LAL,PF,27,2025-01-13,32.4,0,0
Rui Hachimura,LAL,PF,27,2025-01-15,24.5,0,0
Rui Hachimura,LAL,PF,27,2025-01-17,28.9,0,0
Rui Hachimura,LAL,PF,27,2025-01-19,27.3,0,0
Jarred Vanderbilt,LAL,SF,26,2024-10-23,22.6,0,0
Jarred Vanderbilt,LAL,SF,26,2024-10-24,36.0,0,0
Jarred Vanderbilt,LAL,SF,26,2024-10-27,18.8,0,0
Jarred Vanderbilt,LAL,SF,26,2024-10-29,31.0,0,0
Jarred Vanderbilt,LAL,SF,26,2024-10-31,35.3,0,0
Jarred Vanderbilt,LAL,SF,26,2024-11-02,36.6,0,0
Jarred Vanderbilt,LAL,SF,26,2024-11-05,26.6,0,0
Jarred Vanderbilt,LAL,SF,26,2024-11-07,34.7,0,0
Jarred Vanderbilt,LAL,SF,26,2024-11-10,32.9,0,0
Jarred Vanderbilt,LAL,SF,26,2024-11-12,17.2,0,0
Jarred Vanderbilt,LAL,SF,26,2024-11-15,25.8,0,0
Jarred Vanderbilt,LAL,SF,26,2024-11-17,27.7,0,0
Jarred Vanderbilt,LAL,SF,26,2024-11-18,34.4,0,0
Jarred Vanderbilt,LAL,SF,26,2024-11-20,24.7,0,0
Jarred Vanderbilt,LAL,SF,26,2024-11-24,30.1,0,0
Jarred Vanderbilt,LAL,SF,26,2024-11-26,25.0,0,0
Jarred Vanderbilt,LAL,SF,26,2024-11-27,35.6,0,0
Jarred Vanderbilt,LAL,SF,26,2024-12-01,35.2,0,0
Jarred Vanderbilt,LAL,SF,26,2024-12-02,25.2,0,0
Jarred Vanderbilt,LAL,SF,26,2024-12-05,30.1,0,0
Jarred Vanderbilt,LAL,SF,26,2024-12-07,24.6,0,0
Jarred Vanderbilt,LAL,SF,26,2024-12-10,33.9,0,0
Jarred Vanderbilt,LAL,SF,26,2024-12-11,33.5,0,0
Jarred Vanderbilt,LAL,SF,26,2024-12-13,26.0,0,0
Jarred Vanderbilt,LAL,SF,26,2024-12-17,29.0,0,0
Jarred Vanderbilt,LAL,SF,26,2024-12-19,34.3,0,0
Jarred Vanderbilt,LAL,SF,26,2024-12-20,34.3,0,0
Jarred Vanderbilt,LAL,SF,26,2024-12-24,34.2,0,0
Jarred Vanderbilt,LAL,SF,26,2024-12-26,34.6,0,0
Jarred Vanderbilt,LAL,SF,26,2024-12-28,31.0,0,0
Jarred Vanderbilt,LAL,SF,26,2024-12-30,28.3,0,0
Jarred Vanderbilt,LAL,SF,26,2025-01-02,32.5,0,0
Jarred Vanderbilt,LAL,SF,26,2025-01-03,30.4,0,0
Jarred Vanderbilt,LAL,SF,26,2025-01-06,28.4,0,0
Jarred Vanderbilt,LAL,SF,26,2025-01-09,21.6,0,0
Jarred Vanderbilt,LAL,SF,26,2025-01-10,28.3,0,0
Jarred Vanderbilt,LAL,SF,26,2025-01-12,21.0,0,0
Jarred Vanderbilt,LAL,SF,26,2025-01-16,32.2,0,0
Jarred Vanderbilt,LAL,SF,26,2025-01-18,24.7,0,0
Jarred Vanderbilt,LAL,SF,26,2025-01-20,33.5,0,0
Jayson Tatum,BOS,SF,28,2024-10-23,36.8,0,0
Jayson Tatum,BOS,SF,28,2024-10-24,22.8,0,0
Jayson Tatum,BOS,SF,28,2024-10-26,23.5,0,0
Jayson Tatum,BOS,SF,28,2024-10-28,30.7,0,0
Jayson Tatum,BOS,SF,28,2024-10-31,31.7,0,0
Jayson Tatum,BOS,SF,28,2024-11-02,28.8,0,0
Jayson Tatum,BOS,SF,28,2024-11-05,26.7,0,0
Jayson Tatum,BOS,SF,28,2024-11-07,24.3,0,0
Jayson Tatum,BOS,SF,28,2024-11-09,30.8,0,0
Jayson Tatum,BOS,SF,28,2024-11-11,31.3,0,0
Jayson Tatum,BOS,SF,28,2024-11-15,19.8,0,0
Jayson Tatum,BOS,SF,28,2024-11-16,29.0,0,0
Jayson Tatum,BOS,SF,28,2024-11-18,27.1,0,0
Jayson Tatum,BOS,SF,28,2024-11-20,28.4,0,0
Jayson Tatum,BOS,SF,28,2024-11-24,32.3,0,0
Jayson Tatum,BOS,SF,28,2024-11-26,27.5,0,0
Jayson Tatum,BOS,SF,28,2024-11-28,19.9,0,0
Jayson Tatum,BOS,SF,28,2024-12-01,21.9,0,0
Jayson Tatum,BOS,SF,28,2024-12-02,25.5,0,0
Jayson Tatum,BOS,SF,28,2024-12-04,30.4,0,0
Jayson Tatum,BOS,SF,28,2024-12-07,21.3,0,0
Jayson Tatum,BOS,SF,28,2024-12-10,30.1,0,0
Jayson Tatum,BOS,SF,28,2024-12-11,35.0,0,0
Jayson Tatum,BOS,SF,28,2024-12-14,32.2,0,0
Jayson Tatum,BOS,SF,28,2024-12-17,23.1,0,0
Jayson Tatum,BOS,SF,28,2024-12-19,27.2,0,0
Jayson Tatum,BOS,SF,28,2024-12-21,27.6,0,0
Jayson Tatum,BOS,SF,28,2024-12-24,20.8,0,0
Jayson Tatum,BOS,SF,28,2024-12-25,18.6,0,0
Jayson Tatum,BOS,SF,28,2024-12-27,32.3,0,0
Jayson Tatum,BOS,SF,28,2024-12-30,39.6,0,0
Jayson Tatum,BOS,SF,28,2025-01-02,26.8,0,0
Jayson Tatum,BOS,SF,28,2025-01-04,28.6,0,0
Jayson Tatum,BOS,SF,28,2025-01-06,30.8,0,0
Jayson Tatum,BOS,SF,28,2025-01-08,22.1,0,0
Jayson Tatum,BOS,SF,28,2025-01-10,34.8,0,0
Jayson Tatum,BOS,SF,28,2025-01-12,23.0,0,0
Jayson Tatum,BOS,SF,28,2025-01-15,19.9,0,0
Jayson Tatum,BOS,SF,28,2025-01-18,32.2,0,0
Jayson Tatum,BOS,SF,28,2025-01-19,30.8,0,0
Jaylen Brown,BOS,SG,29,2024-10-23,35.4,0,0
Jaylen Brown,BOS,SG,29,2024-10-25,22.7,0,0
Jaylen Brown,BOS,SG,29,2024-10-26,29.2,0,0
Jaylen Brown,BOS,SG,29,2024-10-29,22.9,0,0
Jaylen Brown,BOS,SG,29,2024-10-31,25.9,0,0
Jaylen Brown,BOS,SG,29,2024-11-03,24.2,0,0
Jaylen Brown,BOS,SG,29,2024-11-05,19.5,0,0
Jaylen Brown,BOS,SG,29,2024-11-08,37.3,0,0
Jaylen Brown,BOS,SG,29,2024-11-10,23.4,0,0
Jaylen Brown,BOS,SG,29,2024-11-11,33.5,0,0
Jaylen Brown,BOS,SG,29,2024-11-14,27.9,0,0
Jaylen Brown,BOS,SG,29,2024-11-17,21.5,0,0
Jaylen Brown,BOS,SG,29,2024-11-19,30.7,0,0
Jaylen Brown,BOS,SG,29,2024-11-20,23.1,0,0
Jaylen Brown,BOS,SG,29,2024-11-24,29.5,0,0
Jaylen Brown,BOS,SG,29,2024-11-25,11.0,0,0
Jaylen Brown,BOS,SG,29,2024-11-27,31.2,0,0
Jaylen Brown,BOS,SG,29,2024-11-30,29.8,0,0
Jaylen Brown,BOS,SG,29,2024-12-03,25.8,0,0
Jaylen Brown,BOS,SG,29,2024-12-04,23.8,0,0
Jaylen Brown,BOS,SG,29,2024-12-07,26.4,0,0
Jaylen Brown,BOS,SG,29,2024-12-09,32.9,0,0
Jaylen Brown,BOS,SG,29,2024-12-11,27.5,0,0
Jaylen Brown,BOS,SG,29,2024-12-13,24.6,0,0
Jaylen Brown,BOS,SG,29,2024-12-16,16.8,0,0
Jaylen Brown,BOS,SG,29,2024-12-19,32.0,0,0
Jaylen Brown,BOS,SG,29,2024-12-20,25.5,0,0
Jaylen Brown,BOS,SG,29,2024-12-24,22.7,0,0
Jaylen Brown,BOS,SG,29,2024-12-25,29.3,0,0
Jaylen Brown,BOS,SG,29,2024-12-28,15.8,0,0
Jaylen Brown,BOS,SG,29,2024-12-31,24.3,0,0
Jaylen Brown,BOS,SG,29,2025-01-01,27.9,0,0
Jaylen Brown,BOS,SG,29,2025-01-03,23.1,0,0
Jaylen Brown,BOS,SG,29,2025-01-05,27.7,0,0
Jaylen Brown,BOS,SG,29,2025-01-08,32.9,0,0
Jaylen Brown,BOS,SG,29,2025-01-10,32.4,0,0
Jaylen Brown,BOS,SG,29,2025-01-13,21.8,0,0
Jaylen Brown,BOS,SG,29,2025-01-15,31.8,0,0
Jaylen Brown,BOS,SG,29,2025-01-18,24.2,0,0
Jaylen Brown,BOS,SG,29,2025-01-20,28.8,0,0
Jrue Holiday,BOS,PG,36,2024-10-23,43.1,0,0
Jrue Holiday,BOS,PG,36,2024-10-24,30.0,0,0
Jrue Holiday,BOS,PG,36,2024-10-27,27.2,0,0
Jrue Holiday,BOS,PG,36,2024-10-28,27.5,0,0
Jrue Holiday,BOS,PG,36,2024-10-31,23.6,0,0
Jrue Holiday,BOS,PG,36,2024-11-02,32.7,0,0
Jrue Holiday,BOS,PG,36,2024-11-05,31.3,0,0
Jrue Holiday,BOS,PG,36,2024-11-07,36.7,0,0
Jrue Holiday,BOS,PG,36,2024-11-09,29.4,0,0
Jrue Holiday,BOS,PG,36,2024-11-11,30.0,0,0
Jrue Holiday,BOS,PG,36,2024-11-14,22.4,0,0
Jrue Holiday,BOS,PG,36,2024-11-17,29.2,0,0
Jrue Holiday,BOS,PG,36,2024-11-19,32.6,0,0
Jrue Holiday,BOS,PG,36,2024-11-21,27.3,0,0
Jrue Holiday,BOS,PG,36,2024-11-24,33.4,0,0
Jrue Holiday,BOS,PG,36,2024-11-25,30.9,0,0
Jrue Holiday,BOS,PG,36,2024-11-28,23.2,0,0
Jrue Holiday,BOS,PG,36,2024-12-01,31.5,0,0
Jrue Holiday,BOS,PG,36,2024-12-02,10.9,0,1
Jrue Holiday,BOS,PG,36,2024-12-04,17.5,0,0
Jrue Holiday,BOS,PG,36,2024-12-08,27.4,0,0
Jrue Holiday,BOS,PG,36,2024-12-10,27.7,0,0
Jrue Holiday,BOS,PG,36,2024-12-11,22.8,0,0
Jrue Holiday,BOS,PG,36,2024-12-14,30.5,0,0
Jrue Holiday,BOS,PG,36,2024-12-17,34.0,0,0
Jrue Holiday,BOS,PG,36,2024-12-18,31.5,0,0
Jrue Holiday,BOS,PG,36,2024-12-20,17.8,0,0
Jrue Holiday,BOS,PG,36,2024-12-23,21.4,0,0
Jrue Holiday,BOS,PG,36,2024-12-26,31.9,0,0
Jrue Holiday,BOS,PG,36,2024-12-27,32.7,0,0
Jrue Holiday,BOS,PG,36,2024-12-31,24.2,0,0
Jrue Holiday,BOS,PG,36,2025-01-02,32.2,0,0
Jrue Holiday,BOS,PG,36,2025-01-03,25.7,0,0
Jrue Holiday,BOS,PG,36,2025-01-05,19.9,0,0
Jrue Holiday,BOS,PG,36,2025-01-09,25.6,0,0
Jrue Holiday,BOS,PG,36,2025-01-10,37.5,0,0
Jrue Holiday,BOS,PG,36,2025-01-12,34.6,0,0
Jrue Holiday,BOS,PG,36,2025-01-15,27.8,0,0
Jrue Holiday,BOS,PG,36,2025-01-18,25.2,0,0
Jrue Holiday,BOS,PG,36,2025-01-20,37.8,0,0
Kristaps Porzingis,BOS,C,30,2024-10-22,39.3,0,0
Kristaps Porzingis,BOS,C,30,2024-10-24,32.4,0,0
Kristaps Porzingis,BOS,C,30,2024-10-27,28.7,0,0
Kristaps Porzingis,BOS,C,30,2024-10-28,35.9,0,0
Kristaps Porzingis,BOS,C,30,2024-10-31,27.7,0,0
Kristaps Porzingis,BOS,C,30,2024-11-03,26.0,0,0
Kristaps Porzingis,BOS,C,30,2024-11-05,27.4,0,0
Kristaps Porzingis,BOS,C,30,2024-11-07,37.0,0,0
Kristaps Porzingis,BOS,C,30,2024-11-09,32.6,0,0
Kristaps Porzingis,BOS,C,30,2024-11-11,39.0,0,0
Kristaps Porzingis,BOS,C,30,2024-11-14,33.4,0,0
Kristaps Porzingis,BOS,C,30,2024-11-16,36.3,0,0
Kristaps Porzingis,BOS,C,30,2024-11-19,36.4,0,0
Kristaps Porzingis,BOS,C,30,2024-11-21,30.1,0,0
Kristaps Porzingis,BOS,C,30,2024-11-24,28.9,0,0
Kristaps Porzingis,BOS,C,30,2024-11-26,38.0,0,0
Kristaps Porzingis,BOS,C,30,2024-11-27,36.3,0,0
Kristaps Porzingis,BOS,C,30,2024-12-01,35.2,0,0
Kristaps Porzingis,BOS,C,30,2024-12-03,40.3,0,0
Kristaps Porzingis,BOS,C,30,2024-12-05,23.4,0,0
Kristaps Porzingis,BOS,C,30,2024-12-07,20.6,0,0
Kristaps Porzingis,BOS,C,30,2024-12-10,33.5,0,0
Kristaps Porzingis,BOS,C,30,2024-12-11,33.2,0,0
Kristaps Porzingis,BOS,C,30,2024-12-13,25.9,0,0
Kristaps Porzingis,BOS,C,30,2024-12-17,32.5,0,0
Kristaps Porzingis,BOS,C,30,2024-12-18,35.9,0,0
Kristaps Porzingis,BOS,C,30,2024-12-21,41.6,0,0
Kristaps Porzingis,BOS,C,30,2024-12-24,28.3,0,0
Kristaps Porzingis,BOS,C,30,2024-12-26,35.7,0,0
Kristaps Porzingis,BOS,C,30,2024-12-27,28.3,0,0
Kristaps Porzingis,BOS,C,30,2024-12-31,25.5,0,0
Kristaps Porzingis,BOS,C,30,2025-01-01,19.6,0,0
Kristaps Porzingis,BOS,C,30,2025-01-04,28.7,0,0
Kristaps Porzingis,BOS,C,30,2025-01-06,35.3,0,0
Kristaps Porzingis,BOS,C,30,2025-01-08,32.6,0,0
Kristaps Porzingis,BOS,C,30,2025-01-10,36.0,0,0
Kristaps Porzingis,BOS,C,30,2025-01-13,35.2,0,0
Kristaps Porzingis,BOS,C,30,2025-01-16,29.9,0,0
Kristaps Porzingis,BOS,C,30,2025-01-17,32.3,0,0
Kristaps Porzingis,BOS,C,30,2025-01-20,29.5,0,0
Derrick White,BOS,SG,31,2024-10-22,29.9,0,0
Derrick White,BOS,SG,31,2024-10-24,26.7,0,0
Derrick White,BOS,SG,31,2024-10-27,26.4,0,0
Derrick White,BOS,SG,31,2024-10-29,28.9,0,0
Derrick White,BOS,SG,31,2024-10-31,32.3,0,0
Derrick White,BOS,SG,31,2024-11-03,32.3,0,0
Derrick White,BOS,SG,31,2024-11-05,20.8,0,0
Derrick White,BOS,SG,31,2024-11-08,20.0,0,0
Derrick White,BOS,SG,31,2024-11-10,26.3,0,0
Derrick White,BOS,SG,31,2024-11-12,28.8,0,0
Derrick White,BOS,SG,31,2024-11-14,27.8,0,0
Derrick White,BOS,SG,31,2024-11-16,25.0,0,0
Derrick White,BOS,SG,31,2024-11-18,25.5,0,0
Derrick White,BOS,SG,31,2024-11-20,20.6,0,0
Derrick White,BOS,SG,31,2024-11-23,34.1,0,0
Derrick White,BOS,SG,31,2024-11-25,35.2,0,0
Derrick White,BOS,SG,31,2024-11-27,19.9,0,0
Derrick White,BOS,SG,31,2024-12-01,23.3,0,0
Derrick White,BOS,SG,31,2024-12-02,32.3,0,0
Derrick White,BOS,SG,31,2024-12-05,28.7,0,0
Derrick White,BOS,SG,31,2024-12-07,25.7,0,0
Derrick White,BOS,SG,31,2024-12-10,37.3,0,0
Derrick White,BOS,SG,31,2024-12-12,22.7,0,0
Derrick White,BOS,SG,31,2024-12-14,26.7,0,0
Derrick White,BOS,SG,31,2024-12-16,23.2,0,0
Derrick White,BOS,SG,31,2024-12-18,30.0,0,0
Derrick White,BOS,SG,31,2024-12-21,24.1,0,0
Derrick White,BOS,SG,31,2024-12-23,33.3,0,0
Derrick White,BOS,SG,31,2024-12-26,35.8,0,0
Derrick White,BOS,SG,31,2024-12-28,21.5,0,0
Derrick White,BOS,SG,31,2024-12-30,37.4,0,0
Derrick White,BOS,SG,31,2025-01-02,24.7,0,0
Derrick White,BOS,SG,31,2025-01-04,30.9,0,0
Derrick White,BOS,SG,31,2025-01-05,23.5,0,0
Derrick White,BOS,SG,31,2025-01-09,19.0,0,0
Derrick White,BOS,SG,31,2025-01-11,19.9,0,0
Derrick White,BOS,SG,31,2025-01-13,23.1,0,0
Derrick White,BOS,SG,31,2025-01-15,25.2,0,0
Derrick White,BOS,SG,31,2025-01-17,31.1,0,0
Derrick White,BOS,SG,31,2025-01-19,21.9,0,0
Stephen Curry,GSW,PG,38,2024-10-23,30.5,0,0
Stephen Curry,GSW,PG,38,2024-10-24,30.1,0,0
Stephen Curry,GSW,PG,38,2024-10-26,20.5,0,0
Stephen Curry,GSW,PG,38,2024-10-28,24.4,0,0
Stephen Curry,GSW,PG,38,2024-11-01,28.9,0,0
Stephen Curry,GSW,PG,38,2024-11-02,30.0,0,0
Stephen Curry,GSW,PG,38,2024-11-04,27.4,0,0
Stephen Curry,GSW,PG,38,2024-11-07,27.1,0,0
Stephen Curry,GSW,PG,38,2024-11-10,21.6,0,0
Stephen Curry,GSW,PG,38,2024-11-11,26.4,0,0
Stephen Curry,GSW,PG,38,2024-11-14,29.2,0,0
Stephen Curry,GSW,PG,38,2024-11-17,33.2,0,0
Stephen Curry,GSW,PG,38,2024-11-19,31.3,0,0
Stephen Curry,GSW,PG,38,2024-11-21,36.2,0,0
Stephen Curry,GSW,PG,38,2024-11-24,28.6,0,0
Stephen Curry,GSW,PG,38,2024-11-25,27.8,0,0
Stephen Curry,GSW,PG,38,2024-11-27,37.8,0,0
Stephen Curry,GSW,PG,38,2024-12-01,32.2,0,0
Stephen Curry,GSW,PG,38,2024-12-03,38.8,0,0
Stephen Curry,GSW,PG,38,2024-12-04,27.4,0,0
Stephen Curry,GSW,PG,38,2024-12-07,39.8,0,0
Stephen Curry,GSW,PG,38,2024-12-09,28.3,0,0
Stephen Curry,GSW,PG,38,2024-12-11,22.9,0,0
Stephen Curry,GSW,PG,38,2024-12-13,18.9,0,0
Stephen Curry,GSW,PG,38,2024-12-16,23.7,0,0
Stephen Curry,GSW,PG,38,2024-12-18,24.9,0,0
Stephen Curry,GSW,PG,38,2024-12-20,27.9,0,0
Stephen Curry,GSW,PG,38,2024-12-24,33.1,0,0
Stephen Curry,GSW,PG,38,2024-12-25,32.9,0,0
Stephen Curry,GSW,PG,38,2024-12-28,26.5,0,0
Stephen Curry,GSW,PG,38,2024-12-31,25.9,0,0
Stephen Curry,GSW,PG,38,2025-01-02,32.6,0,0
Stephen Curry,GSW,PG,38,2025-01-03,26.8,0,0
Stephen Curry,GSW,PG,38,2025-01-05,38.0,0,0
Stephen Curry,GSW,PG,38,2025-01-09,21.0,0,0
Stephen Curry,GSW,PG,38,2025-01-10,26.8,0,0
Stephen Curry,GSW,PG,38,2025-01-12,28.4,0,0
Stephen Curry,GSW,PG,38,2025-01-15,26.6,0,0
Stephen Curry,GSW,PG,38,2025-01-18,26.4,0,0
Stephen Curry,GSW,PG,38,2025-01-20,35.1,0,0
Draymond Green,GSW,PF,35,2024-10-23,31.0,0,0
Draymond Green,GSW,PF,35,2024-10-24,33.0,0,0
Draymond Green,GSW,PF,35,2024-10-26,25.3,0,0
Draymond Green,GSW,PF,35,2024-10-29,30.0,0,0
Draymond Green,GSW,PF,35,2024-11-01,26.0,0,0
Draymond Green,GSW,PF,35,2024-11-02,32.4,0,0
Draymond Green,GSW,PF,35,2024-11-05,20.1,0,0
Draymond Green,GSW,PF,35,2024-11-08,37.9,0,0
Draymond Green,GSW,PF,35,2024-11-09,34.0,0,0
Draymond Green,GSW,PF,35,2024-11-12,40.4,0,0
Draymond Green,GSW,PF,35,2024-11-15,26.8,0,0
Draymond Green,GSW,PF,35,2024-11-16,36.9,0,0
Draymond Green,GSW,PF,35,2024-11-19,39.5,0,0
Draymond Green,GSW,PF,35,2024-11-20,27.7,0,0
Draymond Green,GSW,PF,35,2024-11-23,44.0,0,0
Draymond Green,GSW,PF,35,2024-11-25,31.8,0,0
Draymond Green,GSW,PF,35,2024-11-27,29.9,0,0
Draymond Green,GSW,PF,35,2024-11-30,29.5,0,0
Draymond Green,GSW,PF,35,2024-12-02,35.1,0,0
Draymond Green,GSW,PF,35,2024-12-05,29.4,0,0
Draymond Green,GSW,PF,35,2024-12-07,30.2,0,0
Draymond Green,GSW,PF,35,2024-12-10,29.3,0,0
Draymond Green,GSW,PF,35,2024-12-12,29.0,0,0
Draymond Green,GSW,PF,35,2024-12-14,33.7,0,0
Draymond Green,GSW,PF,35,2024-12-16,27.7,0,0
Draymond Green,GSW,PF,35,2024-12-18,27.3,0,0
Draymond Green,GSW,PF,35,2024-12-20,27.4,0,0
Draymond Green,GSW,PF,35,2024-12-23,32.2,0,0
Draymond Green,GSW,PF,35,2024-12-25,28.1,0,0
Draymond Green,GSW,PF,35,2024-12-27,33.9,0,0
Draymond Green,GSW,PF,35,2024-12-31,33.8,0,0
Draymond Green,GSW,PF,35,2025-01-02,28.9,0,0
Draymond Green,GSW,PF,35,2025-01-04,21.3,0,0
Draymond Green,GSW,PF,35,2025-01-06,24.4,0,0
Draymond Green,GSW,PF,35,2025-01-09,31.4,0,0
Draymond Green,GSW,PF,35,2025-01-10,33.5,0,0
Draymond Green,GSW,PF,35,2025-01-13,16.1,0,0
Draymond Green,GSW,PF,35,2025-01-15,32.3,0,0
Draymond Green,GSW,PF,35,2025-01-18,34.8,0,0
Draymond Green,GSW,PF,35,2025-01-20,25.2,0,0
Andrew Wiggins,GSW,SF,30,2024-10-23,34.8,0,0
Andrew Wiggins,GSW,SF,30,2024-10-25,30.8,0,0
Andrew Wiggins,GSW,SF,30,2024-10-26,27.3,0,0
Andrew Wiggins,GSW,SF,30,2024-10-29,37.2,0,0
Andrew Wiggins,GSW,SF,30,2024-10-31,27.8,0,0
Andrew Wiggins,GSW,SF,30,2024-11-03,29.0,0,0
Andrew Wiggins,GSW,SF,30,2024-11-04,34.0,0,0
Andrew Wiggins,GSW,SF,30,2024-11-07,35.7,0,0
Andrew Wiggins,GSW,SF,30,2024-11-09,25.0,0,0
Andrew Wiggins,GSW,SF,30,2024-11-11,28.3,0,0
Andrew Wiggins,GSW,SF,30,2024-11-14,29.8,0,0
Andrew Wiggins,GSW,SF,30,2024-11-17,41.2,0,0
Andrew Wiggins,GSW,SF,30,2024-11-18,23.4,0,0
Andrew Wiggins,GSW,SF,30,2024-11-21,25.9,0,0
Andrew Wiggins,GSW,SF,30,2024-11-23,36.3,0,0
Andrew Wiggins,GSW,SF,30,2024-11-25,33.8,0,0
Andrew Wiggins,GSW,SF,30,2024-11-28,26.3,0,0
Andrew Wiggins,GSW,SF,30,2024-12-01,30.3,0,0
Andrew Wiggins,GSW,SF,30,2024-12-03,35.7,0,0
Andrew Wiggins,GSW,SF,30,2024-12-04,31.1,0,0
Andrew Wiggins,GSW,SF,30,2024-12-07,25.0,0,0
Andrew Wiggins,GSW,SF,30,2024-12-10,25.5,0,0
Andrew Wiggins,GSW,SF,30,2024-12-11,20.8,0,0
Andrew Wiggins,GSW,SF,30,2024-12-14,22.1,0,0
Andrew Wiggins,GSW,SF,30,2024-12-16,29.5,0,0
Andrew Wiggins,GSW,SF,30,2024-12-19,28.2,0,0
Andrew Wiggins,GSW,SF,30,2024-12-20,41.7,0,0
Andrew Wiggins,GSW,SF,30,2024-12-24,25.6,0,0
Andrew Wiggins,GSW,SF,30,2024-12-25,34.9,0,0
Andrew Wiggins,GSW,SF,30,2024-12-28,28.0,0,0
Andrew Wiggins,GSW,SF,30,2024-12-30,30.0,0,0
Andrew Wiggins,GSW,SF,30,2025-01-02,24.6,0,0
Andrew Wiggins,GSW,SF,30,2025-01-03,35.3,0,0
Andrew Wiggins,GSW,SF,30,2025-01-06,28.6,0,0
Andrew Wiggins,GSW,SF,30,2025-01-09,25.4,0,0
Andrew Wiggins,GSW,SF,30,2025-01-11,32.8,0,0
Andrew Wiggins,GSW,SF,30,2025-01-13,25.7,0,0
Andrew Wiggins,GSW,SF,30,2025-01-15,23.9,0,0
Andrew Wiggins,GSW,SF,30,2025-01-18,24.5,0,0
Andrew Wiggins,GSW,SF,30,2025-01-20,33.2,0,0
Kevin Durant,PHX,SF,37,2024-10-23,20.5,0,0
Kevin Durant,PHX,SF,37,2024-10-24,36.6,0,0
Kevin Durant,PHX,SF,37,2024-10-26,33.7,0,0
Kevin Durant,PHX,SF,37,2024-10-29,27.1,0,0
Kevin Durant,PHX,SF,37,2024-10-31,21.4,0,0
Kevin Durant,PHX,SF,37,2024-11-03,36.5,0,0
Kevin Durant,PHX,SF,37,2024-11-05,20.8,0,0
Kevin Durant,PHX,SF,37,2024-11-07,29.8,0,0
Kevin Durant,PHX,SF,37,2024-11-10,30.7,0,0
Kevin Durant,PHX,SF,37,2024-11-11,31.1,0,0
Kevin Durant,PHX,SF,37,2024-11-15,24.9,0,0
Kevin Durant,PHX,SF,37,2024-11-16,29.4,0,0
Kevin Durant,PHX,SF,37,2024-11-19,20.8,0,0
Kevin Durant,PHX,SF,37,2024-11-20,33.6,0,0
Kevin Durant,PHX,SF,37,2024-11-23,31.5,0,0
Kevin Durant,PHX,SF,37,2024-11-25,28.8,0,0
Kevin Durant,PHX,SF,37,2024-11-27,23.1,0,0
Kevin Durant,PHX,SF,37,2024-12-01,19.8,0,0
Kevin Durant,PHX,SF,37,2024-12-02,21.8,0,0
Kevin Durant,PHX,SF,37,2024-12-05,25.4,0,0
Kevin Durant,PHX,SF,37,2024-12-07,25.5,0,0
Kevin Durant,PHX,SF,37,2024-12-10,28.4,0,0
Kevin Durant,PHX,SF,37,2024-12-12,26.3,0,0
Kevin Durant,PHX,SF,37,2024-12-14,24.0,0,0
Kevin Durant,PHX,SF,37,2024-12-17,28.3,0,0
Kevin Durant,PHX,SF,37,2024-12-18,28.1,0,0
Kevin Durant,PHX,SF,37,2024-12-20,27.3,0,0
Kevin Durant,PHX,SF,37,2024-12-23,32.2,0,0
Kevin Durant,PHX,SF,37,2024-12-26,38.2,0,0
Kevin Durant,PHX,SF,37,2024-12-28,23.4,0,0
Kevin Durant,PHX,SF,37,2024-12-30,24.1,0,0
Kevin Durant,PHX,SF,37,2025-01-02,26.3,0,0
Kevin Durant,PHX,SF,37,2025-01-04,28.4,0,0
Kevin Durant,PHX,SF,37,2025-01-05,24.3,0,0
Kevin Durant,PHX,SF,37,2025-01-08,33.1,0,0
Kevin Durant,PHX,SF,37,2025-01-10,27.6,0,0
Kevin Durant,PHX,SF,37,2025-01-13,26.2,0,0
Kevin Durant,PHX,SF,37,2025-01-16,38.2,0,0
Kevin Durant,PHX,SF,37,2025-01-18,23.5,0,0
Kevin Durant,PHX,SF,37,2025-01-19,26.0,0,0
Devin Booker,PHX,SG,29,2024-10-22,30.2,0,0
Devin Booker,PHX,SG,29,2024-10-25,22.9,0,0
Devin Booker,PHX,SG,29,2024-10-27,29.4,0,0
Devin Booker,PHX,SG,29,2024-10-28,30.4,0,0
Devin Booker,PHX,SG,29,2024-11-01,25.2,0,0
Devin Booker,PHX,SG,29,2024-11-02,33.6,0,0
Devin Booker,PHX,SG,29,2024-11-05,32.0,0,0
Devin Booker,PHX,SG,29,2024-11-08,31.7,0,0
Devin Booker,PHX,SG,29,2024-11-10,29.5,0,0
Devin Booker,PHX,SG,29,2024-11-11,25.4,0,0
Devin Booker,PHX,SG,29,2024-11-14,23.6,0,0
Devin Booker,PHX,SG,29,2024-11-16,35.7,0,0
Devin Booker,PHX,SG,29,2024-11-18,26.5,0,0
Devin Booker,PHX,SG,29,2024-11-21,27.1,0,0
Devin Booker,PHX,SG,29,2024-11-23,31.1,0,0
Devin Booker,PHX,SG,29,2024-11-25,34.6,0,0
Devin Booker,PHX,SG,29,2024-11-28,20.5,0,0
Devin Booker,PHX,SG,29,2024-11-30,26.7,0,0
Devin Booker,PHX,SG,29,2024-12-03,11.6,0,1
Devin Booker,PHX,SG,29,2024-12-05,24.8,0,0
Devin Booker,PHX,SG,29,2024-12-08,24.7,0,0
Devin Booker,PHX,SG,29,2024-12-09,20.5,0,0
Devin Booker,PHX,SG,29,2024-12-11,30.6,0,0
Devin Booker,PHX,SG,29,2024-12-14,26.6,0,0
Devin Booker,PHX,SG,29,2024-12-17,33.5,0,0
Devin Booker,PHX,SG,29,2024-12-18,23.2,0,0
Devin Booker,PHX,SG,29,2024-12-20,29.7,0,0
Devin Booker,PHX,SG,29,2024-12-24,24.4,0,0
Devin Booker,PHX,SG,29,2024-12-25,39.7,0,0
Devin Booker,PHX,SG,29,2024-12-27,22.6,0,0
Devin Booker,PHX,SG,29,2024-12-31,30.2,0,0
Devin Booker,PHX,SG,29,2025-01-02,27.8,0,0
Devin Booker,PHX,SG,29,2025-01-04,36.9,0,0
Devin Booker,PHX,SG,29,2025-01-06,24.0,0,0
Devin Booker,PHX,SG,29,2025-01-09,30.2,0,0
Devin Booker,PHX,SG,29,2025-01-10,42.8,0,0
Devin Booker,PHX,SG,29,2025-01-12,23.4,0,0
Devin Booker,PHX,SG,29,2025-01-15,30.5,0,0
Devin Booker,PHX,SG,29,2025-01-18,28.7,0,0
Devin Booker,PHX,SG,29,2025-01-20,26.6,0,0
Bradley Beal,PHX,SG,32,2024-10-22,21.6,0,0
Bradley Beal,PHX,SG,32,2024-10-25,24.9,0,0
Bradley Beal,PHX,SG,32,2024-10-26,26.2,0,0
Bradley Beal,PHX,SG,32,2024-10-29,25.4,0,0
Bradley Beal,PHX,SG,32,2024-10-31,28.9,0,0
Bradley Beal,PHX,SG,32,2024-11-02,31.1,0,0
Bradley Beal,PHX,SG,32,2024-11-05,20.4,0,0
Bradley Beal,PHX,SG,32,2024-11-07,38.3,0,0
Bradley Beal,PHX,SG,32,2024-11-10,30.0,0,0
Bradley Beal,PHX,SG,32,2024-11-11,26.2,0,0
Bradley Beal,PHX,SG,32,2024-11-15,30.2,0,0
Bradley Beal,PHX,SG,32,2024-11-16,28.5,0,0
Bradley Beal,PHX,SG,32,2024-11-19,25.7,0,0
Bradley Beal,PHX,SG,32,2024-11-21,30.2,0,0
Bradley Beal,PHX,SG,32,2024-11-24,28.3,0,0
Bradley Beal,PHX,SG,32,2024-11-26,23.9,0,0
Bradley Beal,PHX,SG,32,2024-11-27,30.3,0,0
Bradley Beal,PHX,SG,32,2024-12-01,20.2,0,0
Bradley Beal,PHX,SG,32,2024-12-03,9.7,0,1
Bradley Beal,PHX,SG,32,2024-12-04,35.0,0,0
Bradley Beal,PHX,SG,32,2024-12-07,30.1,0,0
Bradley Beal,PHX,SG,32,2024-12-10,40.9,0,0
Bradley Beal,PHX,SG,32,2024-12-12,28.7,0,0
Bradley Beal,PHX,SG,32,2024-12-14,25.6,0,0
Bradley Beal,PHX,SG,32,2024-12-16,27.6,0,0
Bradley Beal,PHX,SG,32,2024-12-19,26.0,0,0
Bradley Beal,PHX,SG,32,2024-12-20,26.1,0,0
Bradley Beal,PHX,SG,32,2024-12-24,20.4,0,0
Bradley Beal,PHX,SG,32,2024-12-25,37.1,0,0
Bradley Beal,PHX,SG,32,2024-12-27,15.1,0,0
Bradley Beal,PHX,SG,32,2024-12-31,30.9,0,0
Bradley Beal,PHX,SG,32,2025-01-01,26.8,0,0
Bradley Beal,PHX,SG,32,2025-01-04,32.8,0,0
Bradley Beal,PHX,SG,32,2025-01-06,28.2,0,0
Bradley Beal,PHX,SG,32,2025-01-09,32.3,0,0
Bradley Beal,PHX,SG,32,2025-01-10,32.9,0,0
Bradley Beal,PHX,SG,32,2025-01-13,27.5,0,0
Bradley Beal,PHX,SG,32,2025-01-15,17.8,0,0
Bradley Beal,PHX,SG,32,2025-01-17,25.9,0,0
Bradley Beal,PHX,SG,32,2025-01-19,24.9,0,0
Giannis Antetokounmpo,MIL,PF,31,2024-10-23,27.6,0,0
Giannis Antetokounmpo,MIL,PF,31,2024-10-24,30.6,0,0
Giannis Antetokounmpo,MIL,PF,31,2024-10-26,29.1,0,0
Giannis Antetokounmpo,MIL,PF,31,2024-10-28,31.4,0,0
Giannis Antetokounmpo,MIL,PF,31,2024-11-01,32.0,0,0
Giannis Antetokounmpo,MIL,PF,31,2024-11-02,36.8,0,0
Giannis Antetokounmpo,MIL,PF,31,2024-11-04,33.8,0,0
Giannis Antetokounmpo,MIL,PF,31,2024-11-08,24.8,0,0
Giannis Antetokounmpo,MIL,PF,31,2024-11-10,24.5,0,0
Giannis Antetokounmpo,MIL,PF,31,2024-11-12,44.0,0,0
Giannis Antetokounmpo,MIL,PF,31,2024-11-14,22.5,0,0
Giannis Antetokounmpo,MIL,PF,31,2024-11-17,16.1,0,0
Giannis Antetokounmpo,MIL,PF,31,2024-11-18,30.6,0,0
Giannis Antetokounmpo,MIL,PF,31,2024-11-21,35.4,0,0
Giannis Antetokounmpo,MIL,PF,31,2024-11-23,39.9,0,0
Giannis Antetokounmpo,MIL,PF,31,2024-11-25,29.7,0,0
Giannis Antetokounmpo,MIL,PF,31,2024-11-28,30.9,0,0
Giannis Antetokounmpo,MIL,PF,31,2024-12-01,37.1,0,0
Giannis Antetokounmpo,MIL,PF,31,2024-12-03,24.5,0,0
Giannis Antetokounmpo,MIL,PF,31,2024-12-05,32.0,0,0
Giannis Antetokounmpo,MIL,PF,31,2024-12-08,35.1,0,0
Giannis Antetokounmpo,MIL,PF,31,2024-12-09,22.6,0,0
Giannis Antetokounmpo,MIL,PF,31,2024-12-12,33.9,0,0
Giannis Antetokounmpo,MIL,PF,31,2024-12-14,22.8,0,0
Giannis Antetokounmpo,MIL,PF,31,2024-12-16,35.0,0,0
Giannis Antetokounmpo,MIL,PF,31,2024-12-19,35.9,0,0
Giannis Antetokounmpo,MIL,PF,31,2024-12-20,26.5,0,0
Giannis Antetokounmpo,MIL,PF,31,2024-12-23,31.0,0,0
Giannis Antetokounmpo,MIL,PF,31,2024-12-25,25.5,0,0
Giannis Antetokounmpo,MIL,PF,31,2024-12-27,30.8,0,0
Giannis Antetokounmpo,MIL,PF,31,2024-12-31,33.7,0,0
Giannis Antetokounmpo,MIL,PF,31,2025-01-01,27.1,0,0
Giannis Antetokounmpo,MIL,PF,31,2025-01-04,30.4,0,0
Giannis Antetokounmpo,MIL,PF,31,2025-01-06,38.5,0,0
Giannis Antetokounmpo,MIL,PF,31,2025-01-09,31.4,0,0
Giannis Antetokounmpo,MIL,PF,31,2025-01-11,28.1,0,0
Giannis Antetokounmpo,MIL,PF,31,2025-01-13,38.0,0,0
Giannis Antetokounmpo,MIL,PF,31,2025-01-16,34.4,0,0
Giannis Antetokounmpo,MIL,PF,31,2025-01-18,27.9,0,0
Giannis Antetokounmpo,MIL,PF,31,2025-01-19,31.1,0,0
Damian Lillard,MIL,PG,35,2024-10-22,29.7,0,0
Damian Lillard,MIL,PG,35,2024-10-24,31.1,0,0
Damian Lillard,MIL,PG,35,2024-10-26,26.2,0,0
Damian Lillard,MIL,PG,35,2024-10-29,36.0,0,0
Damian Lillard,MIL,PG,35,2024-11-01,24.2,0,0
Damian Lillard,MIL,PG,35,2024-11-03,21.6,0,0
Damian Lillard,MIL,PG,35,2024-11-04,25.7,0,0
Damian Lillard,MIL,PG,35,2024-11-08,28.8,0,0
Damian Lillard,MIL,PG,35,2024-11-09,31.6,0,0
Damian Lillard,MIL,PG,35,2024-11-12,32.0,0,0
Damian Lillard,MIL,PG,35,2024-11-15,16.5,0,0
Damian Lillard,MIL,PG,35,2024-11-17,32.8,0,0
Damian Lillard,MIL,PG,35,2024-11-18,29.5,0,0
Damian Lillard,MIL,PG,35,2024-11-20,27.4,0,0
Damian Lillard,MIL,PG,35,2024-11-23,42.3,0,0
Damian Lillard,MIL,PG,35,2024-11-26,25.7,0,0
Damian Lillard,MIL,PG,35,2024-11-27,21.7,0,0
Damian Lillard,MIL,PG,35,2024-12-01,29.4,0,0
Damian Lillard,MIL,PG,35,2024-12-02,7.9,0,1
Damian Lillard,MIL,PG,35,2024-12-04,30.3,0,0
Damian Lillard,MIL,PG,35,2024-12-07,25.6,0,0
Damian Lillard,MIL,PG,35,2024-12-09,30.2,0,0
Damian Lillard,MIL,PG,35,2024-12-12,29.1,0,0
Damian Lillard,MIL,PG,35,2024-12-13,29.4,0,0
Damian Lillard,MIL,PG,35,2024-12-16,28.8,0,0
Damian Lillard,MIL,PG,35,2024-12-19,26.2,0,0
Damian Lillard,MIL,PG,35,2024-12-21,26.1,0,0
Damian Lillard,MIL,PG,35,2024-12-23,33.8,0,0
Damian Lillard,MIL,PG,35,2024-12-26,32.5,0,0
Damian Lillard,MIL,PG,35,2024-12-27,23.5,0,0
Damian Lillard,MIL,PG,35,2024-12-31,23.3,0,0
Damian Lillard,MIL,PG,35,2025-01-02,28.1,0,0
Damian Lillard,MIL,PG,35,2025-01-04,24.7,0,0
Damian Lillard,MIL,PG,35,2025-01-05,32.4,0,0
Damian Lillard,MIL,PG,35,2025-01-09,14.7,0,0
Damian Lillard,MIL,PG,35,2025-01-10,32.5,0,0
Damian Lillard,MIL,PG,35,2025-01-13,29.0,0,0
Damian Lillard,MIL,PG,35,2025-01-15,30.9,0,0
Damian Lillard,MIL,PG,35,2025-01-17,27.7,0,0
Damian Lillard,MIL,PG,35,2025-01-20,27.8,0,0
Brook Lopez,MIL,C,37,2024-10-23,31.1,0,0
Brook Lopez,MIL,C,37,2024-10-25,35.5,0,0
Brook Lopez,MIL,C,37,2024-10-27,27.3,0,0
Brook Lopez,MIL,C,37,2024-10-29,24.2,0,0
Brook Lopez,MIL,C,37,2024-11-01,32.0,0,0
Brook Lopez,MIL,C,37,2024-11-03,32.9,0,0
Brook Lopez,MIL,C,37,2024-11-04,32.5,0,0
Brook Lopez,MIL,C,37,2024-11-08,31.2,0,0
Brook Lopez,MIL,C,37,2024-11-09,27.5,0,0
Brook Lopez,MIL,C,37,2024-11-12,38.3,0,0
Brook Lopez,MIL,C,37,2024-11-14,32.1,0,0
Brook Lopez,MIL,C,37,2024-11-17,34.5,0,0
Brook Lopez,MIL,C,37,2024-11-19,29.6,0,0
Brook Lopez,MIL,C,37,2024-11-20,25.8,0,0
Brook Lopez,MIL,C,37,2024-11-23,36.6,0,0
Brook Lopez,MIL,C,37,2024-11-26,25.3,0,0
Brook Lopez,MIL,C,37,2024-11-28,36.5,0,0
Brook Lopez,MIL,C,37,2024-11-30,28.0,0,0
Brook Lopez,MIL,C,37,2024-12-02,30.9,0,0
Brook Lopez,MIL,C,37,2024-12-05,30.9,0,0
Brook Lopez,MIL,C,37,2024-12-08,30.3,0,0
Brook Lopez,MIL,C,37,2024-12-10,40.1,0,0
Brook Lopez,MIL,C,37,2024-12-12,21.8,0,0
Brook Lopez,MIL,C,37,2024-12-13,31.9,0,0
Brook Lopez,MIL,C,37,2024-12-16,31.1,0,0
Brook Lopez,MIL,C,37,2024-12-18,34.9,0,0
Brook Lopez,MIL,C,37,2024-12-21,28.6,0,0
Brook Lopez,MIL,C,37,2024-12-23,24.9,0,0
Brook Lopez,MIL,C,37,2024-12-26,34.8,0,0
Brook Lopez,MIL,C,37,2024-12-28,28.7,0,0
Brook Lopez,MIL,C,37,2024-12-30,24.8,0,0
Brook Lopez,MIL,C,37,2025-01-01,30.6,0,0
Brook Lopez,MIL,C,37,2025-01-04,27.3,0,0
Brook Lopez,MIL,C,37,2025-01-05,23.1,0,0
Brook Lopez,MIL,C,37,2025-01-08,30.8,0,0
Brook Lopez,MIL,C,37,2025-01-11,42.5,0,0
Brook Lopez,MIL,C,37,2025-01-13,32.3,0,0
Brook Lopez,MIL,C,37,2025-01-16,17.9,0,0
Brook Lopez,MIL,C,37,2025-01-17,24.6,0,0
Brook Lopez,MIL,C,37,2025-01-20,28.0,0,0
Nikola Jokic,DEN,C,31,2024-10-22,25.7,0,0
Nikola Jokic,DEN,C,31,2024-10-24,44.0,0,0
Nikola Jokic,DEN,C,31,2024-10-26,33.0,0,0
Nikola Jokic,DEN,C,31,2024-10-29,37.5,0,0
Nikola Jokic,DEN,C,31,2024-10-31,23.9,0,0
Nikola Jokic,DEN,C,31,2024-11-02,30.5,0,0
Nikola Jokic,DEN,C,31,2024-11-05,28.3,0,0
Nikola Jokic,DEN,C,31,2024-11-07,42.4,0,0
Nikola Jokic,DEN,C,31,2024-11-09,25.9,0,0
Nikola Jokic,DEN,C,31,2024-11-11,39.3,0,0
Nikola Jokic,DEN,C,31,2024-11-15,25.5,0,0
Nikola Jokic,DEN,C,31,2024-11-17,31.9,0,0
Nikola Jokic,DEN,C,31,2024-11-19,16.4,0,0
Nikola Jokic,DEN,C,31,2024-11-20,23.2,0,0
Nikola Jokic,DEN,C,31,2024-11-23,35.6,0,0
Nikola Jokic,DEN,C,31,2024-11-26,37.3,0,0
Nikola Jokic,DEN,C,31,2024-11-28,29.7,0,0
Nikola Jokic,DEN,C,31,2024-11-30,29.2,0,0
Nikola Jokic,DEN,C,31,2024-12-03,31.1,0,0
Nikola Jokic,DEN,C,31,2024-12-05,36.0,0,0
Nikola Jokic,DEN,C,31,2024-12-08,32.4,0,0
Nikola Jokic,DEN,C,31,2024-12-09,33.1,0,0
Nikola Jokic,DEN,C,31,2024-12-12,28.5,0,0
Nikola Jokic,DEN,C,31,2024-12-13,21.4,0,0
Nikola Jokic,DEN,C,31,2024-12-16,29.1,0,0
Nikola Jokic,DEN,C,31,2024-12-18,28.2,0,0
Nikola Jokic,DEN,C,31,2024-12-20,32.8,0,0
Nikola Jokic,DEN,C,31,2024-12-24,27.2,0,0
Nikola Jokic,DEN,C,31,2024-12-26,37.8,0,0
Nikola Jokic,DEN,C,31,2024-12-28,30.9,0,0
Nikola Jokic,DEN,C,31,2024-12-30,24.3,0,0
Nikola Jokic,DEN,C,31,2025-01-02,26.6,0,0
Nikola Jokic,DEN,C,31,2025-01-04,38.4,0,0
Nikola Jokic,DEN,C,31,2025-01-05,28.9,0,0
Nikola Jokic,DEN,C,31,2025-01-09,40.8,0,0
Nikola Jokic,DEN,C,31,2025-01-10,32.1,0,0
Nikola Jokic,DEN,C,31,2025-01-13,28.0,0,0
Nikola Jokic,DEN,C,31,2025-01-16,27.7,0,0
Nikola Jokic,DEN,C,31,2025-01-17,21.6,0,0
Nikola Jokic,DEN,C,31,2025-01-20,33.0,0,0
Jamal Murray,DEN,PG,28,2024-10-23,29.2,0,0
Jamal Murray,DEN,PG,28,2024-10-25,26.3,0,0
Jamal Murray,DEN,PG,28,2024-10-26,28.4,0,0
Jamal Murray,DEN,PG,28,2024-10-29,25.7,0,0
Jamal Murray,DEN,PG,28,2024-10-31,24.1,0,0
Jamal Murray,DEN,PG,28,2024-11-02,38.9,0,0
Jamal Murray,DEN,PG,28,2024-11-05,30.4,0,0
Jamal Murray,DEN,PG,28,2024-11-07,29.8,0,0
Jamal Murray,DEN,PG,28,2024-11-09,29.5,0,0
Jamal Murray,DEN,PG,28,2024-11-11,28.6,0,0
Jamal Murray,DEN,PG,28,2024-11-15,29.4,0,0
Jamal Murray,DEN,PG,28,2024-11-17,36.4,0,0
Jamal Murray,DEN,PG,28,2024-11-19,26.7,0,0
Jamal Murray,DEN,PG,28,2024-11-20,28.5,0,0
Jamal Murray,DEN,PG,28,2024-11-23,29.3,0,0
Jamal Murray,DEN,PG,28,2024-11-25,24.3,0,0
Jamal Murray,DEN,PG,28,2024-11-28,34.0,0,0
Jamal Murray,DEN,PG,28,2024-11-30,39.3,0,0
Jamal Murray,DEN,PG,28,2024-12-03,28.6,0,0
Jamal Murray,DEN,PG,28,2024-12-04,23.5,0,0
Jamal Murray,DEN,PG,28,2024-12-07,33.2,0,0
Jamal Murray,DEN,PG,28,2024-12-10,37.1,0,0
Jamal Murray,DEN,PG,28,2024-12-11,25.0,0,0
Jamal Murray,DEN,PG,28,2024-12-13,25.5,0,0
Jamal Murray,DEN,PG,28,2024-12-17,22.4,0,0
Jamal Murray,DEN,PG,28,2024-12-18,30.7,0,0
Jamal Murray,DEN,PG,28,2024-12-21,30.8,0,0
Jamal Murray,DEN,PG,28,2024-12-24,28.7,0,0
Jamal Murray,DEN,PG,28,2024-12-26,34.9,0,0
Jamal Murray,DEN,PG,28,2024-12-27,25.0,0,0
Jamal Murray,DEN,PG,28,2024-12-30,26.3,0,0
Jamal Murray,DEN,PG,28,2025-01-01,28.2,0,0
Jamal Murray,DEN,PG,28,2025-01-03,27.1,0,0
Jamal Murray,DEN,PG,28,2025-01-05,25.3,0,0
Jamal Murray,DEN,PG,28,2025-01-08,22.8,0,0
Jamal Murray,DEN,PG,28,2025-01-10,34.2,0,0
Jamal Murray,DEN,PG,28,2025-01-12,21.7,0,0
Jamal Murray,DEN,PG,28,2025-01-15,27.7,0,0
Jamal Murray,DEN,PG,28,2025-01-17,27.1,0,0
Jamal Murray,DEN,PG,28,2025-01-20,31.6,0,0
Aaron Gordon,DEN,PF,30,2024-10-22,36.0,0,0
Aaron Gordon,DEN,PF,30,2024-10-24,27.5,0,0
Aaron Gordon,DEN,PF,30,2024-10-26,28.7,0,0
Aaron Gordon,DEN,PF,30,2024-10-28,28.7,0,0
Aaron Gordon,DEN,PF,30,2024-11-01,28.5,0,0
Aaron Gordon,DEN,PF,30,2024-11-03,28.9,0,0
Aaron Gordon,DEN,PF,30,2024-11-05,29.1,0,0
Aaron Gordon,DEN,PF,30,2024-11-07,35.0,0,0
Aaron Gordon,DEN,PF,30,2024-11-09,29.5,0,0
Aaron Gordon,DEN,PF,30,2024-11-12,21.2,0,0
Aaron Gordon,DEN,PF,30,2024-11-15,31.7,0,0
Aaron Gordon,DEN,PF,30,2024-11-17,28.4,0,0
Aaron Gordon,DEN,PF,30,2024-11-19,31.7,0,0
Aaron Gordon,DEN,PF,30,2024-11-21,19.2,0,0
Aaron Gordon,DEN,PF,30,2024-11-23,35.2,0,0
Aaron Gordon,DEN,PF,30,2024-11-25,27.2,0,0
Aaron Gordon,DEN,PF,30,2024-11-28,19.6,0,0
Aaron Gordon,DEN,PF,30,2024-12-01,31.1,0,0
Aaron Gordon,DEN,PF,30,2024-12-03,26.6,0,0
Aaron Gordon,DEN,PF,30,2024-12-05,30.7,0,0
Aaron Gordon,DEN,PF,30,2024-12-08,35.5,0,0
Aaron Gordon,DEN,PF,30,2024-12-09,38.1,0,0
Aaron Gordon,DEN,PF,30,2024-12-12,34.6,0,0
Aaron Gordon,DEN,PF,30,2024-12-13,35.8,0,0
Aaron Gordon,DEN,PF,30,2024-12-16,28.3,0,0
Aaron Gordon,DEN,PF,30,2024-12-18,35.7,0,0
Aaron Gordon,DEN,PF,30,2024-12-21,32.1,0,0
Aaron Gordon,DEN,PF,30,2024-12-24,27.0,0,0
Aaron Gordon,DEN,PF,30,2024-12-26,35.3,0,0
Aaron Gordon,DEN,PF,30,2024-12-28,30.8,0,0
Aaron Gordon,DEN,PF,30,2024-12-31,32.7,0,0
Aaron Gordon,DEN,PF,30,2025-01-02,33.5,0,0
Aaron Gordon,DEN,PF,30,2025-01-03,29.8,0,0
Aaron Gordon,DEN,PF,30,2025-01-05,27.9,0,0
Aaron Gordon,DEN,PF,30,2025-01-09,27.9,0,0
Aaron Gordon,DEN,PF,30,2025-01-10,40.4,0,0
Aaron Gordon,DEN,PF,30,2025-01-13,34.9,0,0
Aaron Gordon,DEN,PF,30,2025-01-15,25.2,0,0
Aaron Gordon,DEN,PF,30,2025-01-18,26.9,0,0
Aaron Gordon,DEN,PF,30,2025-01-20,32.0,0,0
Luka Doncic,DAL,PG,27,2024-10-22,23.5,0,0
Luka Doncic,DAL,PG,27,2024-10-24,24.9,0,0
Luka Doncic,DAL,PG,27,2024-10-27,24.0,0,0
Luka Doncic,DAL,PG,27,2024-10-28,29.3,0,0
Luka Doncic,DAL,PG,27,2024-11-01,19.2,0,0
Luka Doncic,DAL,PG,27,2024-11-02,32.3,0,0
Luka Doncic,DAL,PG,27,2024-11-04,27.8,0,0
Luka Doncic,DAL,PG,27,2024-11-07,32.2,0,0
Luka Doncic,DAL,PG,27,2024-11-09,22.8,0,0
Luka Doncic,DAL,PG,27,2024-11-11,34.5,0,0
Luka Doncic,DAL,PG,27,2024-11-14,29.8,0,0
Luka Doncic,DAL,PG,27,2024-11-17,25.5,0,0
Luka Doncic,DAL,PG,27,2024-11-18,33.7,0,0
Luka Doncic,DAL,PG,27,2024-11-21,28.8,0,0
Luka Doncic,DAL,PG,27,2024-11-24,36.4,0,0
Luka Doncic,DAL,PG,27,2024-11-26,31.5,0,0
Luka Doncic,DAL,PG,27,2024-11-27,29.6,0,0
Luka Doncic,DAL,PG,27,2024-11-30,29.6,0,0
Luka Doncic,DAL,PG,27,2024-12-02,32.3,0,0
Luka Doncic,DAL,PG,27,2024-12-05,30.7,0,0
Luka Doncic,DAL,PG,27,2024-12-07,29.8,0,0
Luka Doncic,DAL,PG,27,2024-12-09,26.0,0,0
Luka Doncic,DAL,PG,27,2024-12-11,31.1,0,0
Luka Doncic,DAL,PG,27,2024-12-14,24.6,0,0
Luka Doncic,DAL,PG,27,2024-12-17,21.1,0,0
Luka Doncic,DAL,PG,27,2024-12-19,27.0,0,0
Luka Doncic,DAL,PG,27,2024-12-21,25.3,0,0
Luka Doncic,DAL,PG,27,2024-12-23,32.4,0,0
Luka Doncic,DAL,PG,27,2024-12-26,30.1,0,0
Luka Doncic,DAL,PG,27,2024-12-27,30.6,0,0
Luka Doncic,DAL,PG,27,2024-12-31,36.3,0,0
Luka Doncic,DAL,PG,27,2025-01-01,30.7,0,0
Luka Doncic,DAL,PG,27,2025-01-04,26.7,0,0
Luka Doncic,DAL,PG,27,2025-01-06,30.5,0,0
Luka Doncic,DAL,PG,27,2025-01-09,27.5,0,0
Luka Doncic,DAL,PG,27,2025-01-11,27.6,0,0
Luka Doncic,DAL,PG,27,2025-01-13,25.9,0,0
Luka Doncic,DAL,PG,27,2025-01-15,29.1,0,0
Luka Doncic,DAL,PG,27,2025-01-18,25.6,0,0
Luka Doncic,DAL,PG,27,2025-01-20,31.4,0,0
Kyrie Irving,DAL,SG,33,2024-10-23,29.0,0,0
Kyrie Irving,DAL,SG,33,2024-10-24,32.7,0,0
Kyrie Irving,DAL,SG,33,2024-10-26,21.9,0,0
Kyrie Irving,DAL,SG,33,2024-10-29,21.3,0,0
Kyrie Irving,DAL,SG,33,2024-10-31,27.8,0,0
Kyrie Irving,DAL,SG,33,2024-11-02,33.9,0,0
Kyrie Irving,DAL,SG,33,2024-11-04,31.8,0,0
Kyrie Irving,DAL,SG,33,2024-11-07,41.6,0,0
Kyrie Irving,DAL,SG,33,2024-11-09,33.5,0,0
Kyrie Irving,DAL,SG,33,2024-11-12,25.1,0,0
Kyrie Irving,DAL,SG,33,2024-11-15,26.5,0,0
Kyrie Irving,DAL,SG,33,2024-11-17,27.4,0,0
Kyrie Irving,DAL,SG,33,2024-11-19,28.0,0,0
Kyrie Irving,DAL,SG,33,2024-11-20,22.9,0,0
Kyrie Irving,DAL,SG,33,2024-11-24,28.2,0,0
Kyrie Irving,DAL,SG,33,2024-11-25,28.7,0,0
Kyrie Irving,DAL,SG,33,2024-11-27,23.3,0,0
Kyrie Irving,DAL,SG,33,2024-11-30,35.6,0,0
Kyrie Irving,DAL,SG,33,2024-12-03,10.4,0,1
Kyrie Irving,DAL,SG,33,2024-12-04,26.1,0,0
Kyrie Irving,DAL,SG,33,2024-12-08,29.4,0,0
Kyrie Irving,DAL,SG,33,2024-12-09,28.8,0,0
Kyrie Irving,DAL,SG,33,2024-12-11,38.2,0,0
Kyrie Irving,DAL,SG,33,2024-12-13,33.3,0,0
Kyrie Irving,DAL,SG,33,2024-12-17,24.9,0,0
Kyrie Irving,DAL,SG,33,2024-12-18,31.5,0,0
Kyrie Irving,DAL,SG,33,2024-12-20,36.5,0,0
Kyrie Irving,DAL,SG,33,2024-12-24,34.1,0,0
Kyrie Irving,DAL,SG,33,2024-12-25,36.1,0,0
Kyrie Irving,DAL,SG,33,2024-12-27,27.6,0,0
Kyrie Irving,DAL,SG,33,2024-12-30,35.7,0,0
Kyrie Irving,DAL,SG,33,2025-01-01,30.3,0,0
Kyrie Irving,DAL,SG,33,2025-01-03,34.3,0,0
Kyrie Irving,DAL,SG,33,2025-01-06,24.6,0,0
Kyrie Irving,DAL,SG,33,2025-01-08,25.6,0,0
Kyrie Irving,DAL,SG,33,2025-01-10,19.0,0,0
Kyrie Irving,DAL,SG,33,2025-01-13,38.9,0,0
Kyrie Irving,DAL,SG,33,2025-01-16,29.6,0,0
Kyrie Irving,DAL,SG,33,2025-01-18,27.2,0,0
Kyrie Irving,DAL,SG,33,2025-01-19,29.1,0,0
Joel Embiid,PHI,C,32,2024-10-22,34.3,0,0
Joel Embiid,PHI,C,32,2024-10-25,31.8,0,0
Joel Embiid,PHI,C,32,2024-10-27,25.8,0,0
Joel Embiid,PHI,C,32,2024-10-29,30.0,0,0
Joel Embiid,PHI,C,32,2024-11-01,36.4,0,0
Joel Embiid,PHI,C,32,2024-11-02,19.2,0,0
Joel Embiid,PHI,C,32,2024-11-04,30.2,0,0
Joel Embiid,PHI,C,32,2024-11-07,39.6,0,0
Joel Embiid,PHI,C,32,2024-11-09,11.7,0,1
Joel Embiid,PHI,C,32,2024-11-11,39.9,0,0
Joel Embiid,PHI,C,32,2024-11-14,28.9,0,0
Joel Embiid,PHI,C,32,2024-11-17,32.4,0,0
Joel Embiid,PHI,C,32,2024-11-18,31.3,0,0
Joel Embiid,PHI,C,32,2024-11-20,29.1,0,0
Joel Embiid,PHI,C,32,2024-11-24,29.0,0,0
Joel Embiid,PHI,C,32,2024-11-26,33.1,0,0
Joel Embiid,PHI,C,32,2024-11-27,25.9,0,0
Joel Embiid,PHI,C,32,2024-12-01,24.0,0,0
Joel Embiid,PHI,C,32,2024-12-02,30.1,0,0
Joel Embiid,PHI,C,32,2024-12-04,24.5,0,0
Joel Embiid,PHI,C,32,2024-12-07,30.8,0,0
Joel Embiid,PHI,C,32,2024-12-10,26.2,0,0
Joel Embiid,PHI,C,32,2024-12-11,13.7,0,1
Joel Embiid,PHI,C,32,2024-12-13,26.5,0,0
Joel Embiid,PHI,C,32,2024-12-16,27.5,0,0
Joel Embiid,PHI,C,32,2024-12-19,31.0,0,0
Joel Embiid,PHI,C,32,2024-12-20,20.5,0,0
Joel Embiid,PHI,C,32,2024-12-24,27.8,0,0
Joel Embiid,PHI,C,32,2024-12-25,37.4,0,0
Joel Embiid,PHI,C,32,2024-12-28,30.7,0,0
Joel Embiid,PHI,C,32,2024-12-30,34.6,0,0
Joel Embiid,PHI,C,32,2025-01-01,26.4,0,0
Joel Embiid,PHI,C,32,2025-01-03,25.1,0,0
Joel Embiid,PHI,C,32,2025-01-06,9.8,0,1
Joel Embiid,PHI,C,32,2025-01-09,31.5,0,0
Joel Embiid,PHI,C,32,2025-01-11,27.2,0,0
Joel Embiid,PHI,C,32,2025-01-13,26.0,0,0
Joel Embiid,PHI,C,32,2025-01-15,32.1,0,0
Joel Embiid,PHI,C,32,2025-01-17,24.9,0,0
Joel Embiid,PHI,C,32,2025-01-19,32.5,0,0
Tyrese Maxey,PHI,PG,25,2024-10-22,36.0,0,0
Tyrese Maxey,PHI,PG,25,2024-10-24,24.8,0,0
Tyrese Maxey,PHI,PG,25,2024-10-26,32.3,0,0
Tyrese Maxey,PHI,PG,25,2024-10-28,28.3,0,0
Tyrese Maxey,PHI,PG,25,2024-11-01,30.5,0,0
Tyrese Maxey,PHI,PG,25,2024-11-02,36.8,0,0
Tyrese Maxey,PHI,PG,25,2024-11-05,19.6,0,0
Tyrese Maxey,PHI,PG,25,2024-11-08,37.8,0,0
Tyrese Maxey,PHI,PG,25,2024-11-10,29.2,0,0
Tyrese Maxey,PHI,PG,25,2024-11-12,24.7,0,0
Tyrese Maxey,PHI,PG,25,2024-11-15,22.7,0,0
Tyrese Maxey,PHI,PG,25,2024-11-16,39.1,0,0
Tyrese Maxey,PHI,PG,25,2024-11-18,21.2,0,0
Tyrese Maxey,PHI,PG,25,2024-11-21,22.7,0,0
Tyrese Maxey,PHI,PG,25,2024-11-23,38.0,0,0
Tyrese Maxey,PHI,PG,25,2024-11-25,28.2,0,0
Tyrese Maxey,PHI,PG,25,2024-11-28,28.0,0,0
Tyrese Maxey,PHI,PG,25,2024-12-01,32.7,0,0
Tyrese Maxey,PHI,PG,25,2024-12-02,29.5,0,0
Tyrese Maxey,PHI,PG,25,2024-12-05,22.2,0,0
Tyrese Maxey,PHI,PG,25,2024-12-07,26.5,0,0
Tyrese Maxey,PHI,PG,25,2024-12-09,33.6,0,0
Tyrese Maxey,PHI,PG,25,2024-12-11,28.6,0,0
Tyrese Maxey,PHI,PG,25,2024-12-14,27.6,0,0
Tyrese Maxey,PHI,PG,25,2024-12-16,27.2,0,0
Tyrese Maxey,PHI,PG,25,2024-12-18,27.9,0,0
Tyrese Maxey,PHI,PG,25,2024-12-21,26.9,0,0
Tyrese Maxey,PHI,PG,25,2024-12-24,29.3,0,0
Tyrese Maxey,PHI,PG,25,2024-12-25,38.3,0,0
Tyrese Maxey,PHI,PG,25,2024-12-28,23.4,0,0
Tyrese Maxey,PHI,PG,25,2024-12-31,32.9,0,0
Tyrese Maxey,PHI,PG,25,2025-01-01,23.7,0,0
Tyrese Maxey,PHI,PG,25,2025-01-03,17.8,0,0
Tyrese Maxey,PHI,PG,25,2025-01-05,22.5,0,0
Tyrese Maxey,PHI,PG,25,2025-01-09,40.0,0,0
Tyrese Maxey,PHI,PG,25,2025-01-10,32.7,0,0
Tyrese Maxey,PHI,PG,25,2025-01-12,33.7,0,0
Tyrese Maxey,PHI,PG,25,2025-01-16,22.6,0,0
Tyrese Maxey,PHI,PG,25,2025-01-17,32.9,0,0
Tyrese Maxey,PHI,PG,25,2025-01-19,36.7,0,0
Ja Morant,MEM,PG,26,2024-10-22,29.8,0,0
Ja Morant,MEM,PG,26,2024-10-25,28.3,0,0
Ja Morant,MEM,PG,26,2024-10-26,27.4,0,0
Ja Morant,MEM,PG,26,2024-10-28,28.7,0,0
Ja Morant,MEM,PG,26,2024-10-31,21.8,0,0
Ja Morant,MEM,PG,26,2024-11-03,30.6,0,0
Ja Morant,MEM,PG,26,2024-11-05,35.8,0,0
Ja Morant,MEM,PG,26,2024-11-07,33.5,0,0
Ja Morant,MEM,PG,26,2024-11-09,7.2,0,1
Ja Morant,MEM,PG,26,2024-11-11,26.2,0,0
Ja Morant,MEM,PG,26,2024-11-14,33.8,0,0
Ja Morant,MEM,PG,26,2024-11-16,22.5,0,0
Ja Morant,MEM,PG,26,2024-11-18,25.5,0,0
Ja Morant,MEM,PG,26,2024-11-21,24.1,0,0
Ja Morant,MEM,PG,26,2024-11-23,27.3,0,0
Ja Morant,MEM,PG,26,2024-11-25,30.1,0,0
Ja Morant,MEM,PG,26,2024-11-28,28.1,0,0
Ja Morant,MEM,PG,26,2024-11-30,29.5,0,0
Ja Morant,MEM,PG,26,2024-12-03,31.0,0,0
Ja Morant,MEM,PG,26,2024-12-05,29.0,0,0
Ja Morant,MEM,PG,26,2024-12-08,27.3,0,0
Ja Morant,MEM,PG,26,2024-12-10,30.7,0,0
Ja Morant,MEM,PG,26,2024-12-12,10.0,0,1
Ja Morant,MEM,PG,26,2024-12-13,22.1,0,0
Ja Morant,MEM,PG,26,2024-12-17,24.5,0,0
Ja Morant,MEM,PG,26,2024-12-19,28.3,0,0
Ja Morant,MEM,PG,26,2024-12-21,26.3,0,0
Ja Morant,MEM,PG,26,2024-12-24,29.2,0,0
Ja Morant,MEM,PG,26,2024-12-26,22.1,0,0
Ja Morant,MEM,PG,26,2024-12-28,27.9,0,0
Ja Morant,MEM,PG,26,2024-12-30,33.5,0,0
Ja Morant,MEM,PG,26,2025-01-02,32.0,0,0
Ja Morant,MEM,PG,26,2025-01-03,34.3,0,0
Ja Morant,MEM,PG,26,2025-01-05,7.7,0,1
Ja Morant,MEM,PG,26,2025-01-08,25.7,0,0
Ja Morant,MEM,PG,26,2025-01-10,44.0,0,0
Ja Morant,MEM,PG,26,2025-01-13,27.6,0,0
Ja Morant,MEM,PG,26,2025-01-15,28.8,0,0
Ja Morant,MEM,PG,26,2025-01-17,37.5,0,0
Ja Morant,MEM,PG,26,2025-01-20,26.8,0,0
Zion Williamson,NOP,PF,25,2024-10-22,44.0,0,0
Zion Williamson,NOP,PF,25,2024-10-25,26.9,0,0
Zion Williamson,NOP,PF,25,2024-10-27,29.5,0,0
Zion Williamson,NOP,PF,25,2024-10-29,31.0,0,0
Zion Williamson,NOP,PF,25,2024-10-31,34.8,0,0
Zion Williamson,NOP,PF,25,2024-11-03,30.8,0,0
Zion Williamson,NOP,PF,25,2024-11-04,32.8,0,0
Zion Williamson,NOP,PF,25,2024-11-08,29.8,0,0
Zion Williamson,NOP,PF,25,2024-11-10,10.5,0,1
Zion Williamson,NOP,PF,25,2024-11-12,34.6,0,0
Zion Williamson,NOP,PF,25,2024-11-14,28.4,0,0
Zion Williamson,NOP,PF,25,2024-11-17,19.5,0,0
Zion Williamson,NOP,PF,25,2024-11-18,21.7,0,0
Zion Williamson,NOP,PF,25,2024-11-20,23.0,0,0
Zion Williamson,NOP,PF,25,2024-11-24,44.0,0,0
Zion Williamson,NOP,PF,25,2024-11-25,31.0,0,0
Zion Williamson,NOP,PF,25,2024-11-28,26.2,0,0
Zion Williamson,NOP,PF,25,2024-12-01,24.8,0,0
Zion Williamson,NOP,PF,25,2024-12-02,26.0,0,0
Zion Williamson,NOP,PF,25,2024-12-05,20.0,0,0
Zion Williamson,NOP,PF,25,2024-12-07,27.9,0,0
Zion Williamson,NOP,PF,25,2024-12-09,37.0,0,0
Zion Williamson,NOP,PF,25,2024-12-11,11.1,0,1
Zion Williamson,NOP,PF,25,2024-12-13,31.1,0,0
Zion Williamson,NOP,PF,25,2024-12-17,43.5,0,0
Zion Williamson,NOP,PF,25,2024-12-18,41.4,0,0
Zion Williamson,NOP,PF,25,2024-12-20,34.7,0,0
Zion Williamson,NOP,PF,25,2024-12-23,38.9,0,0
Zion Williamson,NOP,PF,25,2024-12-25,33.7,0,0
Zion Williamson,NOP,PF,25,2024-12-28,27.5,0,0
Zion Williamson,NOP,PF,25,2024-12-30,24.3,0,0
Zion Williamson,NOP,PF,25,2025-01-02,34.5,0,0
Zion Williamson,NOP,PF,25,2025-01-04,28.0,0,0
Zion Williamson,NOP,PF,25,2025-01-05,9.7,0,1
Zion Williamson,NOP,PF,25,2025-01-08,32.3,0,0
Zion Williamson,NOP,PF,25,2025-01-10,33.9,0,0
Zion Williamson,NOP,PF,25,2025-01-12,44.0,0,0
Zion Williamson,NOP,PF,25,2025-01-15,21.1,0,0
Zion Williamson,NOP,PF,25,2025-01-18,34.7,0,0
Zion Williamson,NOP,PF,25,2025-01-19,33.3,0,0
Kawhi Leonard,LAC,SF,35,2024-10-23,28.1,0,0
Kawhi Leonard,LAC,SF,35,2024-10-25,30.3,0,0
Kawhi Leonard,LAC,SF,35,2024-10-26,24.5,0,0
Kawhi Leonard,LAC,SF,35,2024-10-28,33.0,0,0
Kawhi Leonard,LAC,SF,35,2024-11-01,34.7,0,0
Kawhi Leonard,LAC,SF,35,2024-11-03,27.8,0,0
Kawhi Leonard,LAC,SF,35,2024-11-04,26.9,0,0
Kawhi Leonard,LAC,SF,35,2024-11-08,34.7,0,0
Kawhi Leonard,LAC,SF,35,2024-11-10,11.3,0,1
Kawhi Leonard,LAC,SF,35,2024-11-11,30.6,0,0
Kawhi Leonard,LAC,SF,35,2024-11-15,24.9,0,0
Kawhi Leonard,LAC,SF,35,2024-11-17,28.4,0,0
Kawhi Leonard,LAC,SF,35,2024-11-18,32.1,0,0
Kawhi Leonard,LAC,SF,35,2024-11-21,30.7,0,0
Kawhi Leonard,LAC,SF,35,2024-11-24,36.6,0,0
Kawhi Leonard,LAC,SF,35,2024-11-25,24.0,0,0
Kawhi Leonard,LAC,SF,35,2024-11-28,34.6,0,0
Kawhi Leonard,LAC,SF,35,2024-12-01,27.9,0,0
Kawhi Leonard,LAC,SF,35,2024-12-02,24.5,0,0
Kawhi Leonard,LAC,SF,35,2024-12-05,22.5,0,0
Kawhi Leonard,LAC,SF,35,2024-12-07,27.1,0,0
Kawhi Leonard,LAC,SF,35,2024-12-09,29.2,0,0
Kawhi Leonard,LAC,SF,35,2024-12-12,9.0,0,1
Kawhi Leonard,LAC,SF,35,2024-12-13,28.5,0,0
Kawhi Leonard,LAC,SF,35,2024-12-16,23.5,0,0
Kawhi Leonard,LAC,SF,35,2024-12-18,16.0,0,0
Kawhi Leonard,LAC,SF,35,2024-12-20,27.8,0,0
Kawhi Leonard,LAC,SF,35,2024-12-24,29.6,0,0
Kawhi Leonard,LAC,SF,35,2024-12-26,34.5,0,0
Kawhi Leonard,LAC,SF,35,2024-12-27,29.2,0,0
Kawhi Leonard,LAC,SF,35,2024-12-30,31.8,0,0
Kawhi Leonard,LAC,SF,35,2025-01-01,32.9,0,0
Kawhi Leonard,LAC,SF,35,2025-01-03,23.8,0,0
Kawhi Leonard,LAC,SF,35,2025-01-06,10.2,0,1
Kawhi Leonard,LAC,SF,35,2025-01-08,25.6,0,0
Kawhi Leonard,LAC,SF,35,2025-01-11,31.0,0,0
Kawhi Leonard,LAC,SF,35,2025-01-13,27.4,0,0
Kawhi Leonard,LAC,SF,35,2025-01-15,31.4,0,0
Kawhi Leonard,LAC,SF,35,2025-01-18,25.1,0,0
Kawhi Leonard,LAC,SF,35,2025-01-20,24.0,0,0
Paul George,LAC,SF,35,2024-10-23,30.1,0,0
Paul George,LAC,SF,35,2024-10-25,15.9,0,0
Paul George,LAC,SF,35,2024-10-26,23.4,0,0
Paul George,LAC,SF,35,2024-10-29,29.0,0,0
Paul George,LAC,SF,35,2024-10-31,28.1,0,0
Paul George,LAC,SF,35,2024-11-02,13.6,0,0
Paul George,LAC,SF,35,2024-11-05,23.6,0,0
Paul George,LAC,SF,35,2024-11-08,25.7,0,0
Paul George,LAC,SF,35,2024-11-10,27.4,0,0
Paul George,LAC,SF,35,2024-11-12,26.8,0,0
Paul George,LAC,SF,35,2024-11-15,32.5,0,0
Paul George,LAC,SF,35,2024-11-17,25.8,0,0
Paul George,LAC,SF,35,2024-11-18,34.1,0,0
Paul George,LAC,SF,35,2024-11-21,35.1,0,0
Paul George,LAC,SF,35,2024-11-24,29.0,0,0
Paul George,LAC,SF,35,2024-11-25,28.3,0,0
Paul George,LAC,SF,35,2024-11-28,32.2,0,0
Paul George,LAC,SF,35,2024-12-01,27.9,0,0
Paul George,LAC,SF,35,2024-12-02,12.7,0,1
Paul George,LAC,SF,35,2024-12-04,24.9,0,0
Paul George,LAC,SF,35,2024-12-08,33.4,0,0
Paul George,LAC,SF,35,2024-12-09,32.9,0,0
Paul George,LAC,SF,35,2024-12-11,29.2,0,0
Paul George,LAC,SF,35,2024-12-13,17.0,0,0
Paul George,LAC,SF,35,2024-12-17,26.6,0,0
Paul George,LAC,SF,35,2024-12-18,29.6,0,0
Paul George,LAC,SF,35,2024-12-21,22.9,0,0
Paul George,LAC,SF,35,2024-12-23,26.4,0,0
Paul George,LAC,SF,35,2024-12-25,21.2,0,0
Paul George,LAC,SF,35,2024-12-27,14.7,0,0
Paul George,LAC,SF,35,2024-12-31,20.3,0,0
Paul George,LAC,SF,35,2025-01-01,26.0,0,0
Paul George,LAC,SF,35,2025-01-03,26.5,0,0
Paul George,LAC,SF,35,2025-01-06,27.3,0,0
Paul George,LAC,SF,35,2025-01-09,31.6,0,0
Paul George,LAC,SF,35,2025-01-10,25.6,0,0
Paul George,LAC,SF,35,2025-01-12,30.5,0,0
Paul George,LAC,SF,35,2025-01-16,25.4,0,0
Paul George,LAC,SF,35,2025-01-18,33.9,0,0
Paul George,LAC,SF,35,2025-01-19,19.2,0,0
Jimmy Butler,MIA,SF,36,2024-10-22,35.2,0,0
Jimmy Butler,MIA,SF,36,2024-10-25,22.1,0,0
Jimmy Butler,MIA,SF,36,2024-10-27,26.7,0,0
Jimmy Butler,MIA,SF,36,2024-10-28,34.5,0,0
Jimmy Butler,MIA,SF,36,2024-10-31,27.6,0,0
Jimmy Butler,MIA,SF,36,2024-11-02,24.5,0,0
Jimmy Butler,MIA,SF,36,2024-11-05,25.9,0,0
Jimmy Butler,MIA,SF,36,2024-11-08,36.0,0,0
Jimmy Butler,MIA,SF,36,2024-11-09,8.7,0,1
Jimmy Butler,MIA,SF,36,2024-11-11,25.4,0,0
Jimmy Butler,MIA,SF,36,2024-11-15,26.2,0,0
Jimmy Butler,MIA,SF,36,2024-11-17,28.1,0,0
Jimmy Butler,MIA,SF,36,2024-11-18,25.4,0,0
Jimmy Butler,MIA,SF,36,2024-11-20,36.4,0,0
Jimmy Butler,MIA,SF,36,2024-11-24,35.5,0,0
Jimmy Butler,MIA,SF,36,2024-11-26,34.4,0,0
Jimmy Butler,MIA,SF,36,2024-11-28,28.3,0,0
Jimmy Butler,MIA,SF,36,2024-12-01,30.7,0,0
Jimmy Butler,MIA,SF,36,2024-12-02,18.5,0,0
Jimmy Butler,MIA,SF,36,2024-12-05,26.8,0,0
Jimmy Butler,MIA,SF,36,2024-12-08,30.8,0,0
Jimmy Butler,MIA,SF,36,2024-12-09,32.4,0,0
Jimmy Butler,MIA,SF,36,2024-12-12,9.5,0,1
Jimmy Butler,MIA,SF,36,2024-12-14,28.1,0,0
Jimmy Butler,MIA,SF,36,2024-12-17,30.4,0,0
Jimmy Butler,MIA,SF,36,2024-12-19,25.3,0,0
Jimmy Butler,MIA,SF,36,2024-12-21,32.4,0,0
Jimmy Butler,MIA,SF,36,2024-12-24,27.0,0,0
Jimmy Butler,MIA,SF,36,2024-12-26,35.2,0,0
Jimmy Butler,MIA,SF,36,2024-12-28,27.6,0,0
Jimmy Butler,MIA,SF,36,2024-12-31,21.4,0,0
Jimmy Butler,MIA,SF,36,2025-01-01,22.5,0,0
Jimmy Butler,MIA,SF,36,2025-01-03,31.0,0,0
Jimmy Butler,MIA,SF,36,2025-01-06,8.1,0,1
Jimmy Butler,MIA,SF,36,2025-01-08,29.1,0,0
Jimmy Butler,MIA,SF,36,2025-01-11,36.7,0,0
Jimmy Butler,MIA,SF,36,2025-01-13,30.9,0,0
Jimmy Butler,MIA,SF,36,2025-01-16,24.5,0,0
Jimmy Butler,MIA,SF,36,2025-01-18,22.8,0,0
Jimmy Butler,MIA,SF,36,2025-01-20,39.1,0,0
Bam Adebayo,MIA,C,28,2024-10-23,36.2,0,0
Bam Adebayo,MIA,C,28,2024-10-25,30.0,0,0
Bam Adebayo,MIA,C,28,2024-10-27,27.6,0,0
Bam Adebayo,MIA,C,28,2024-10-29,36.8,0,0
Bam Adebayo,MIA,C,28,2024-10-31,29.2,0,0
Bam Adebayo,MIA,C,28,2024-11-02,38.7,0,0
Bam Adebayo,MIA,C,28,2024-11-04,33.7,0,0
Bam Adebayo,MIA,C,28,2024-11-08,27.3,0,0
Bam Adebayo,MIA,C,28,2024-11-09,33.5,0,0
Bam Adebayo,MIA,C,28,2024-11-11,31.5,0,0
Bam Adebayo,MIA,C,28,2024-11-15,27.6,0,0
Bam Adebayo,MIA,C,28,2024-11-16,26.5,0,0
Bam Adebayo,MIA,C,28,2024-11-19,28.8,0,0
Bam Adebayo,MIA,C,28,2024-11-20,34.2,0,0
Bam Adebayo,MIA,C,28,2024-11-24,33.9,0,0
Bam Adebayo,MIA,C,28,2024-11-25,26.3,0,0
Bam Adebayo,MIA,C,28,2024-11-27,24.4,0,0
Bam Adebayo,MIA,C,28,2024-11-30,31.8,0,0
Bam Adebayo,MIA,C,28,2024-12-02,9.5,0,1
Bam Adebayo,MIA,C,28,2024-12-05,34.4,0,0
Bam Adebayo,MIA,C,28,2024-12-08,32.9,0,0
Bam Adebayo,MIA,C,28,2024-12-10,28.3,0,0
Bam Adebayo,MIA,C,28,2024-12-12,33.8,0,0
Bam Adebayo,MIA,C,28,2024-12-13,25.1,0,0
Bam Adebayo,MIA,C,28,2024-12-17,31.3,0,0
Bam Adebayo,MIA,C,28,2024-12-19,32.3,0,0
Bam Adebayo,MIA,C,28,2024-12-20,34.5,0,0
Bam Adebayo,MIA,C,28,2024-12-23,34.0,0,0
Bam Adebayo,MIA,C,28,2024-12-26,28.4,0,0
Bam Adebayo,MIA,C,28,2024-12-28,28.6,0,0
Bam Adebayo,MIA,C,28,2024-12-31,23.6,0,0
Bam Adebayo,MIA,C,28,2025-01-01,32.9,0,0
Bam Adebayo,MIA,C,28,2025-01-04,29.1,0,0
Bam Adebayo,MIA,C,28,2025-01-06,30.3,0,0
Bam Adebayo,MIA,C,28,2025-01-08,32.2,0,0
Bam Adebayo,MIA,C,28,2025-01-10,37.7,0,0
Bam Adebayo,MIA,C,28,2025-01-13,30.8,0,0
Bam Adebayo,MIA,C,28,2025-01-15,26.8,0,0
Bam Adebayo,MIA,C,28,2025-01-18,23.0,0,0
Bam Adebayo,MIA,C,28,2025-01-19,26.2,0,0
Tyler Herro,MIA,SG,25,2024-10-22,30.0,0,0
Tyler Herro,MIA,SG,25,2024-10-24,30.0,0,0
Tyler Herro,MIA,SG,25,2024-10-26,30.3,0,0
Tyler Herro,MIA,SG,25,2024-10-29,32.4,0,0
Tyler Herro,MIA,SG,25,2024-10-31,30.2,0,0
Tyler Herro,MIA,SG,25,2024-11-03,25.8,0,0
Tyler Herro,MIA,SG,25,2024-11-05,30.8,0,0
Tyler Herro,MIA,SG,25,2024-11-07,34.1,0,0
Tyler Herro,MIA,SG,25,2024-11-09,32.8,0,0
Tyler Herro,MIA,SG,25,2024-11-11,26.8,0,0
Tyler Herro,MIA,SG,25,2024-11-14,26.6,0,0
Tyler Herro,MIA,SG,25,2024-11-16,29.7,0,0
Tyler Herro,MIA,SG,25,2024-11-18,28.6,0,0
Tyler Herro,MIA,SG,25,2024-11-20,24.4,0,0
Tyler Herro,MIA,SG,25,2024-11-24,27.5,0,0
Tyler Herro,MIA,SG,25,2024-11-25,30.1,0,0
Tyler Herro,MIA,SG,25,2024-11-27,25.5,0,0
Tyler Herro,MIA,SG,25,2024-11-30,31.3,0,0
Tyler Herro,MIA,SG,25,2024-12-03,25.5,0,0
Tyler Herro,MIA,SG,25,2024-12-05,32.7,0,0
Tyler Herro,MIA,SG,25,2024-12-07,27.1,0,0
Tyler Herro,MIA,SG,25,2024-12-09,37.1,0,0
Tyler Herro,MIA,SG,25,2024-12-11,26.1,0,0
Tyler Herro,MIA,SG,25,2024-12-14,26.7,0,0
Tyler Herro,MIA,SG,25,2024-12-17,28.8,0,0
Tyler Herro,MIA,SG,25,2024-12-19,44.0,0,0
Tyler Herro,MIA,SG,25,2024-12-21,32.7,0,0
Tyler Herro,MIA,SG,25,2024-12-23,26.7,0,0
Tyler Herro,MIA,SG,25,2024-12-25,31.0,0,0
Tyler Herro,MIA,SG,25,2024-12-27,32.0,0,0
Tyler Herro,MIA,SG,25,2024-12-30,30.5,0,0
Tyler Herro,MIA,SG,25,2025-01-01,24.2,0,0
Tyler Herro,MIA,SG,25,2025-01-03,18.6,0,0
Tyler Herro,MIA,SG,25,2025-01-05,29.8,0,0
Tyler Herro,MIA,SG,25,2025-01-08,39.0,0,0
Tyler Herro,MIA,SG,25,2025-01-11,29.6,0,0
Tyler Herro,MIA,SG,25,2025-01-12,33.7,0,0
Tyler Herro,MIA,SG,25,2025-01-16,26.8,0,0
Tyler Herro,MIA,SG,25,2025-01-17,27.3,0,0
Tyler Herro,MIA,SG,25,2025-01-20,33.7,0,0
Donovan Mitchell,CLE,SG,29,2024-10-23,25.8,0,0
Donovan Mitchell,CLE,SG,29,2024-10-24,28.1,0,0
Donovan Mitchell,CLE,SG,29,2024-10-26,26.2,0,0
Donovan Mitchell,CLE,SG,29,2024-10-29,36.5,0,0
Donovan Mitchell,CLE,SG,29,2024-11-01,20.0,0,0
Donovan Mitchell,CLE,SG,29,2024-11-02,29.0,0,0
Donovan Mitchell,CLE,SG,29,2024-11-04,25.9,0,0
Donovan Mitchell,CLE,SG,29,2024-11-07,28.6,0,0
Donovan Mitchell,CLE,SG,29,2024-11-09,21.3,0,0
Donovan Mitchell,CLE,SG,29,2024-11-11,30.1,0,0
Donovan Mitchell,CLE,SG,29,2024-11-15,34.9,0,0
Donovan Mitchell,CLE,SG,29,2024-11-17,29.6,0,0
Donovan Mitchell,CLE,SG,29,2024-11-18,26.9,0,0
Donovan Mitchell,CLE,SG,29,2024-11-20,18.3,0,0
Donovan Mitchell,CLE,SG,29,2024-11-23,31.0,0,0
Donovan Mitchell,CLE,SG,29,2024-11-25,28.3,0,0
Donovan Mitchell,CLE,SG,29,2024-11-27,35.1,0,0
Donovan Mitchell,CLE,SG,29,2024-12-01,26.7,0,0
Donovan Mitchell,CLE,SG,29,2024-12-02,27.9,0,0
Donovan Mitchell,CLE,SG,29,2024-12-04,19.7,0,0
Donovan Mitchell,CLE,SG,29,2024-12-07,22.8,0,0
Donovan Mitchell,CLE,SG,29,2024-12-10,25.5,0,0
Donovan Mitchell,CLE,SG,29,2024-12-12,33.7,0,0
Donovan Mitchell,CLE,SG,29,2024-12-13,32.7,0,0
Donovan Mitchell,CLE,SG,29,2024-12-16,28.2,0,0
Donovan Mitchell,CLE,SG,29,2024-12-19,30.1,0,0
Donovan Mitchell,CLE,SG,29,2024-12-20,36.0,0,0
Donovan Mitchell,CLE,SG,29,2024-12-23,22.2,0,0
Donovan Mitchell,CLE,SG,29,2024-12-26,28.7,0,0
Donovan Mitchell,CLE,SG,29,2024-12-28,29.8,0,0
Donovan Mitchell,CLE,SG,29,2024-12-31,26.9,0,0
Donovan Mitchell,CLE,SG,29,2025-01-02,19.1,0,0
Donovan Mitchell,CLE,SG,29,2025-01-03,38.4,0,0
Donovan Mitchell,CLE,SG,29,2025-01-06,32.5,0,0
Donovan Mitchell,CLE,SG,29,2025-01-08,25.9,0,0
Donovan Mitchell,CLE,SG,29,2025-01-11,27.6,0,0
Donovan Mitchell,CLE,SG,29,2025-01-13,17.0,0,0
Donovan Mitchell,CLE,SG,29,2025-01-16,25.8,0,0
Donovan Mitchell,CLE,SG,29,2025-01-17,22.1,0,0
Donovan Mitchell,CLE,SG,29,2025-01-20,36.3,0,0
Shai Gilgeous-Alexander,OKC,PG,27,2024-10-22,26.0,0,0
Shai Gilgeous-Alexander,OKC,PG,27,2024-10-24,36.0,0,0
Shai Gilgeous-Alexander,OKC,PG,27,2024-10-27,27.1,0,0
Shai Gilgeous-Alexander,OKC,PG,27,2024-10-29,24.9,0,0
Shai Gilgeous-Alexander,OKC,PG,27,2024-11-01,25.9,0,0
Shai Gilgeous-Alexander,OKC,PG,27,2024-11-02,24.3,0,0
Shai Gilgeous-Alexander,OKC,PG,27,2024-11-04,28.2,0,0
Shai Gilgeous-Alexander,OKC,PG,27,2024-11-07,29.0,0,0
Shai Gilgeous-Alexander,OKC,PG,27,2024-11-10,31.3,0,0
Shai Gilgeous-Alexander,OKC,PG,27,2024-11-11,25.5,0,0
Shai Gilgeous-Alexander,OKC,PG,27,2024-11-14,36.4,0,0
Shai Gilgeous-Alexander,OKC,PG,27,2024-11-16,29.9,0,0
Shai Gilgeous-Alexander,OKC,PG,27,2024-11-18,22.5,0,0
Shai Gilgeous-Alexander,OKC,PG,27,2024-11-21,27.3,0,0
Shai Gilgeous-Alexander,OKC,PG,27,2024-11-24,29.0,0,0
Shai Gilgeous-Alexander,OKC,PG,27,2024-11-25,27.8,0,0
Shai Gilgeous-Alexander,OKC,PG,27,2024-11-28,26.0,0,0
Shai Gilgeous-Alexander,OKC,PG,27,2024-11-30,21.6,0,0
Shai Gilgeous-Alexander,OKC,PG,27,2024-12-03,28.4,0,0
Shai Gilgeous-Alexander,OKC,PG,27,2024-12-05,28.2,0,0
Shai Gilgeous-Alexander,OKC,PG,27,2024-12-08,34.9,0,0
Shai Gilgeous-Alexander,OKC,PG,27,2024-12-10,33.5,0,0
Shai Gilgeous-Alexander,OKC,PG,27,2024-12-12,27.6,0,0
Shai Gilgeous-Alexander,OKC,PG,27,2024-12-14,28.4,0,0
Shai Gilgeous-Alexander,OKC,PG,27,2024-12-16,27.2,0,0
Shai Gilgeous-Alexander,OKC,PG,27,2024-12-19,26.5,0,0
Shai Gilgeous-Alexander,OKC,PG,27,2024-12-20,33.2,0,0
Shai Gilgeous-Alexander,OKC,PG,27,2024-12-23,32.5,0,0
Shai Gilgeous-Alexander,OKC,PG,27,2024-12-26,23.0,0,0
Shai Gilgeous-Alexander,OKC,PG,27,2024-12-28,25.5,0,0
Shai Gilgeous-Alexander,OKC,PG,27,2024-12-31,33.1,0,0
Shai Gilgeous-Alexander,OKC,PG,27,2025-01-02,27.0,0,0
Shai Gilgeous-Alexander,OKC,PG,27,2025-01-04,24.2,0,0
Shai Gilgeous-Alexander,OKC,PG,27,2025-01-05,34.0,0,0
Shai Gilgeous-Alexander,OKC,PG,27,2025-01-09,27.1,0,0
Shai Gilgeous-Alexander,OKC,PG,27,2025-01-11,32.3,0,0
Shai Gilgeous-Alexander,OKC,PG,27,2025-01-13,27.0,0,0
Shai Gilgeous-Alexander,OKC,PG,27,2025-01-15,34.0,0,0
Shai Gilgeous-Alexander,OKC,PG,27,2025-01-17,28.1,0,0
Shai Gilgeous-Alexander,OKC,PG,27,2025-01-19,23.8,0,0
Anthony Edwards,MIN,SG,24,2024-10-22,28.7,0,0
Anthony Edwards,MIN,SG,24,2024-10-24,34.8,0,0
Anthony Edwards,MIN,SG,24,2024-10-26,31.2,0,0
Anthony Edwards,MIN,SG,24,2024-10-29,21.8,0,0
Anthony Edwards,MIN,SG,24,2024-11-01,26.6,0,0
Anthony Edwards,MIN,SG,24,2024-11-03,23.4,0,0
Anthony Edwards,MIN,SG,24,2024-11-04,28.8,0,0
Anthony Edwards,MIN,SG,24,2024-11-07,34.3,0,0
Anthony Edwards,MIN,SG,24,2024-11-09,27.5,0,0
Anthony Edwards,MIN,SG,24,2024-11-11,26.2,0,0
Anthony Edwards,MIN,SG,24,2024-11-15,29.4,0,0
Anthony Edwards,MIN,SG,24,2024-11-16,25.4,0,0
Anthony Edwards,MIN,SG,24,2024-11-18,24.8,0,0
Anthony Edwards,MIN,SG,24,2024-11-20,25.0,0,0
Anthony Edwards,MIN,SG,24,2024-11-24,31.4,0,0
Anthony Edwards,MIN,SG,24,2024-11-25,35.5,0,0
Anthony Edwards,MIN,SG,24,2024-11-28,33.9,0,0
Anthony Edwards,MIN,SG,24,2024-11-30,25.2,0,0
Anthony Edwards,MIN,SG,24,2024-12-03,10.5,0,1
Anthony Edwards,MIN,SG,24,2024-12-04,33.0,0,0
Anthony Edwards,MIN,SG,24,2024-12-08,26.6,0,0
Anthony Edwards,MIN,SG,24,2024-12-09,40.7,0,0
Anthony Edwards,MIN,SG,24,2024-12-11,13.0,0,0
Anthony Edwards,MIN,SG,24,2024-12-13,28.0,0,0
Anthony Edwards,MIN,SG,24,2024-12-16,26.2,0,0
Anthony Edwards,MIN,SG,24,2024-12-18,31.0,0,0
Anthony Edwards,MIN,SG,24,2024-12-20,24.4,0,0
Anthony Edwards,MIN,SG,24,2024-12-24,35.3,0,0
Anthony Edwards,MIN,SG,24,2024-12-26,25.0,0,0
Anthony Edwards,MIN,SG,24,2024-12-28,22.4,0,0
Anthony Edwards,MIN,SG,24,2024-12-31,29.6,0,0
Anthony Edwards,MIN,SG,24,2025-01-02,23.7,0,0
Anthony Edwards,MIN,SG,24,2025-01-03,27.8,0,0
Anthony Edwards,MIN,SG,24,2025-01-05,22.5,0,0
Anthony Edwards,MIN,SG,24,2025-01-08,35.6,0,0
Anthony Edwards,MIN,SG,24,2025-01-11,30.9,0,0
Anthony Edwards,MIN,SG,24,2025-01-12,28.3,0,0
Anthony Edwards,MIN,SG,24,2025-01-16,34.6,0,0
Anthony Edwards,MIN,SG,24,2025-01-17,26.0,0,0
Anthony Edwards,MIN,SG,24,2025-01-20,28.0,0,0
Domantas Sabonis,SAC,C,30,2024-10-23,35.5,0,0
Domantas Sabonis,SAC,C,30,2024-10-25,25.2,0,0
Domantas Sabonis,SAC,C,30,2024-10-26,26.8,0,0
Domantas Sabonis,SAC,C,30,2024-10-29,31.4,0,0
Domantas Sabonis,SAC,C,30,2024-11-01,24.5,0,0
Domantas Sabonis,SAC,C,30,2024-11-03,26.9,0,0
Domantas Sabonis,SAC,C,30,2024-11-05,24.2,0,0
Domantas Sabonis,SAC,C,30,2024-11-08,32.2,0,0
Domantas Sabonis,SAC,C,30,2024-11-10,39.6,0,0
Domantas Sabonis,SAC,C,30,2024-11-11,22.4,0,0
Domantas Sabonis,SAC,C,30,2024-11-15,30.1,0,0
Domantas Sabonis,SAC,C,30,2024-11-16,30.6,0,0
Domantas Sabonis,SAC,C,30,2024-11-18,34.9,0,0
Domantas Sabonis,SAC,C,30,2024-11-21,26.3,0,0
Domantas Sabonis,SAC,C,30,2024-11-24,32.9,0,0
Domantas Sabonis,SAC,C,30,2024-11-25,27.5,0,0
Domantas Sabonis,SAC,C,30,2024-11-28,31.1,0,0
Domantas Sabonis,SAC,C,30,2024-11-30,37.8,0,0
Domantas Sabonis,SAC,C,30,2024-12-03,12.1,0,1
Domantas Sabonis,SAC,C,30,2024-12-04,30.3,0,0
Domantas Sabonis,SAC,C,30,2024-12-07,32.4,0,0
Domantas Sabonis,SAC,C,30,2024-12-09,41.6,0,0
Domantas Sabonis,SAC,C,30,2024-12-11,23.8,0,0
Domantas Sabonis,SAC,C,30,2024-12-13,32.5,0,0
Domantas Sabonis,SAC,C,30,2024-12-17,26.8,0,0
Domantas Sabonis,SAC,C,30,2024-12-19,27.8,0,0
Domantas Sabonis,SAC,C,30,2024-12-20,29.9,0,0
Domantas Sabonis,SAC,C,30,2024-12-24,35.3,0,0
Domantas Sabonis,SAC,C,30,2024-12-25,22.9,0,0
Domantas Sabonis,SAC,C,30,2024-12-28,30.2,0,0
Domantas Sabonis,SAC,C,30,2024-12-31,32.9,0,0
Domantas Sabonis,SAC,C,30,2025-01-01,32.0,0,0
Domantas Sabonis,SAC,C,30,2025-01-03,30.9,0,0
Domantas Sabonis,SAC,C,30,2025-01-06,32.6,0,0
Domantas Sabonis,SAC,C,30,2025-01-08,34.8,0,0
Domantas Sabonis,SAC,C,30,2025-01-10,28.8,0,0
Domantas Sabonis,SAC,C,30,2025-01-13,18.7,0,0
Domantas Sabonis,SAC,C,30,2025-01-15,35.8,0,0
Domantas Sabonis,SAC,C,30,2025-01-18,29.4,0,0
Domantas Sabonis,SAC,C,30,2025-01-20,29.4,0,0
De'Aaron Fox,SAC,PG,28,2024-10-23,37.2,0,0
De'Aaron Fox,SAC,PG,28,2024-10-25,26.5,0,0
De'Aaron Fox,SAC,PG,28,2024-10-27,30.0,0,0
De'Aaron Fox,SAC,PG,28,2024-10-29,17.0,0,0
De'Aaron Fox,SAC,PG,28,2024-10-31,30.2,0,0
De'Aaron Fox,SAC,PG,28,2024-11-03,34.2,0,0
De'Aaron Fox,SAC,PG,28,2024-11-05,21.9,0,0
De'Aaron Fox,SAC,PG,28,2024-11-07,37.0,0,0
De'Aaron Fox,SAC,PG,28,2024-11-09,30.1,0,0
De'Aaron Fox,SAC,PG,28,2024-11-12,17.9,0,0
De'Aaron Fox,SAC,PG,28,2024-11-15,28.5,0,0
De'Aaron Fox,SAC,PG,28,2024-11-16,26.8,0,0
De'Aaron Fox,SAC,PG,28,2024-11-19,26.7,0,0
De'Aaron Fox,SAC,PG,28,2024-11-20,23.3,0,0
De'Aaron Fox,SAC,PG,28,2024-11-24,34.4,0,0
De'Aaron Fox,SAC,PG,28,2024-11-26,30.6,0,0
De'Aaron Fox,SAC,PG,28,2024-11-27,28.1,0,0
De'Aaron Fox,SAC,PG,28,2024-11-30,27.6,0,0
De'Aaron Fox,SAC,PG,28,2024-12-02,25.3,0,0
De'Aaron Fox,SAC,PG,28,2024-12-04,32.8,0,0
De'Aaron Fox,SAC,PG,28,2024-12-08,30.3,0,0
De'Aaron Fox,SAC,PG,28,2024-12-10,39.9,0,0
De'Aaron Fox,SAC,PG,28,2024-12-12,34.2,0,0
De'Aaron Fox,SAC,PG,28,2024-12-14,24.3,0,0
De'Aaron Fox,SAC,PG,28,2024-12-16,28.6,0,0
De'Aaron Fox,SAC,PG,28,2024-12-19,25.2,0,0
De'Aaron Fox,SAC,PG,28,2024-12-20,29.3,0,0
De'Aaron Fox,SAC,PG,28,2024-12-23,32.1,0,0
De'Aaron Fox,SAC,PG,28,2024-12-26,35.4,0,0
De'Aaron Fox,SAC,PG,28,2024-12-28,30.9,0,0
De'Aaron Fox,SAC,PG,28,2024-12-30,29.1,0,0
De'Aaron Fox,SAC,PG,28,2025-01-01,20.5,0,0
De'Aaron Fox,SAC,PG,28,2025-01-03,30.2,0,0
De'Aaron Fox,SAC,PG,28,2025-01-05,37.6,0,0
De'Aaron Fox,SAC,PG,28,2025-01-08,34.0,0,0
De'Aaron Fox,SAC,PG,28,2025-01-10,29.6,0,0
De'Aaron Fox,SAC,PG,28,2025-01-13,35.2,0,0
De'Aaron Fox,SAC,PG,28,2025-01-15,33.7,0,0
De'Aaron Fox,SAC,PG,28,2025-01-18,26.9,0,0
De'Aaron Fox,SAC,PG,28,2025-01-20,26.1,0,0
Tyrese Haliburton,IND,PG,26,2024-10-23,34.3,0,0
Tyrese Haliburton,IND,PG,26,2024-10-25,26.8,0,0
Tyrese Haliburton,IND,PG,26,2024-10-26,28.8,0,0
Tyrese Haliburton,IND,PG,26,2024-10-29,22.6,0,0
Tyrese Haliburton,IND,PG,26,2024-10-31,28.5,0,0
Tyrese Haliburton,IND,PG,26,2024-11-03,32.3,0,0
Tyrese Haliburton,IND,PG,26,2024-11-04,24.2,0,0
Tyrese Haliburton,IND,PG,26,2024-11-07,30.0,0,0
Tyrese Haliburton,IND,PG,26,2024-11-09,27.5,0,0
Tyrese Haliburton,IND,PG,26,2024-11-12,34.8,0,0
Tyrese Haliburton,IND,PG,26,2024-11-15,24.3,0,0
Tyrese Haliburton,IND,PG,26,2024-11-17,42.7,0,0
Tyrese Haliburton,IND,PG,26,2024-11-18,34.5,0,0
Tyrese Haliburton,IND,PG,26,2024-11-20,26.6,0,0
Tyrese Haliburton,IND,PG,26,2024-11-23,36.7,0,0
Tyrese Haliburton,IND,PG,26,2024-11-25,20.5,0,0
Tyrese Haliburton,IND,PG,26,2024-11-28,24.1,0,0
Tyrese Haliburton,IND,PG,26,2024-11-30,26.3,0,0
Tyrese Haliburton,IND,PG,26,2024-12-02,25.2,0,0
Tyrese Haliburton,IND,PG,26,2024-12-04,22.0,0,0
Tyrese Haliburton,IND,PG,26,2024-12-08,28.6,0,0
Tyrese Haliburton,IND,PG,26,2024-12-10,31.3,0,0
Tyrese Haliburton,IND,PG,26,2024-12-12,31.9,0,0
Tyrese Haliburton,IND,PG,26,2024-12-13,33.1,0,0
Tyrese Haliburton,IND,PG,26,2024-12-16,20.2,0,0
Tyrese Haliburton,IND,PG,26,2024-12-18,36.1,0,0
Tyrese Haliburton,IND,PG,26,2024-12-21,21.2,0,0
Tyrese Haliburton,IND,PG,26,2024-12-24,30.1,0,0
Tyrese Haliburton,IND,PG,26,2024-12-26,36.3,0,0
Tyrese Haliburton,IND,PG,26,2024-12-28,28.7,0,0
Tyrese Haliburton,IND,PG,26,2024-12-30,25.8,0,0
Tyrese Haliburton,IND,PG,26,2025-01-01,22.9,0,0
Tyrese Haliburton,IND,PG,26,2025-01-04,25.4,0,0
Tyrese Haliburton,IND,PG,26,2025-01-06,30.0,0,0
Tyrese Haliburton,IND,PG,26,2025-01-08,27.2,0,0
Tyrese Haliburton,IND,PG,26,2025-01-10,35.5,0,0
Tyrese Haliburton,IND,PG,26,2025-01-12,26.2,0,0
Tyrese Haliburton,IND,PG,26,2025-01-15,20.2,0,0
Tyrese Haliburton,IND,PG,26,2025-01-17,27.2,0,0
Tyrese Haliburton,IND,PG,26,2025-01-20,23.6,0,0
Pascal Siakam,IND,PF,32,2024-10-22,25.6,0,0
Pascal Siakam,IND,PF,32,2024-10-24,38.9,0,0
Pascal Siakam,IND,PF,32,2024-10-26,22.8,0,0
Pascal Siakam,IND,PF,32,2024-10-28,27.0,0,0
Pascal Siakam,IND,PF,32,2024-10-31,32.2,0,0
Pascal Siakam,IND,PF,32,2024-11-02,28.8,0,0
Pascal Siakam,IND,PF,32,2024-11-05,40.3,0,0
Pascal Siakam,IND,PF,32,2024-11-08,35.9,0,0
Pascal Siakam,IND,PF,32,2024-11-10,31.9,0,0
Pascal Siakam,IND,PF,32,2024-11-12,23.4,0,0
Pascal Siakam,IND,PF,32,2024-11-14,30.9,0,0
Pascal Siakam,IND,PF,32,2024-11-16,24.0,0,0
Pascal Siakam,IND,PF,32,2024-11-19,32.9,0,0
Pascal Siakam,IND,PF,32,2024-11-21,21.7,0,0
Pascal Siakam,IND,PF,32,2024-11-23,31.7,0,0
Pascal Siakam,IND,PF,32,2024-11-25,34.9,0,0
Pascal Siakam,IND,PF,32,2024-11-28,31.9,0,0
Pascal Siakam,IND,PF,32,2024-12-01,14.2,0,0
Pascal Siakam,IND,PF,32,2024-12-02,44.0,0,0
Pascal Siakam,IND,PF,32,2024-12-05,17.0,0,0
Pascal Siakam,IND,PF,32,2024-12-08,23.3,0,0
Pascal Siakam,IND,PF,32,2024-12-10,36.9,0,0
Pascal Siakam,IND,PF,32,2024-12-11,41.0,0,0
Pascal Siakam,IND,PF,32,2024-12-14,22.9,0,0
Pascal Siakam,IND,PF,32,2024-12-16,35.2,0,0
Pascal Siakam,IND,PF,32,2024-12-19,27.2,0,0
Pascal Siakam,IND,PF,32,2024-12-20,34.2,0,0
Pascal Siakam,IND,PF,32,2024-12-24,30.9,0,0
Pascal Siakam,IND,PF,32,2024-12-26,30.1,0,0
Pascal Siakam,IND,PF,32,2024-12-27,28.1,0,0
Pascal Siakam,IND,PF,32,2024-12-30,34.1,0,0
Pascal Siakam,IND,PF,32,2025-01-02,31.0,0,0
Pascal Siakam,IND,PF,32,2025-01-03,27.7,0,0
Pascal Siakam,IND,PF,32,2025-01-05,22.0,0,0
Pascal Siakam,IND,PF,32,2025-01-08,29.7,0,0
Pascal Siakam,IND,PF,32,2025-01-11,36.5,0,0
Pascal Siakam,IND,PF,32,2025-01-13,24.7,0,0
Pascal Siakam,IND,PF,32,2025-01-15,29.5,0,0
Pascal Siakam,IND,PF,32,2025-01-17,31.5,0,0
Pascal Siakam,IND,PF,32,2025-01-19,29.5,0,0
Paolo Banchero,ORL,PF,23,2024-10-22,36.7,0,0
Paolo Banchero,ORL,PF,23,2024-10-24,23.0,0,0
Paolo Banchero,ORL,PF,23,2024-10-27,27.5,0,0
Paolo Banchero,ORL,PF,23,2024-10-28,32.0,0,0
Paolo Banchero,ORL,PF,23,2024-11-01,28.4,0,0
Paolo Banchero,ORL,PF,23,2024-11-03,25.4,0,0
Paolo Banchero,ORL,PF,23,2024-11-05,31.1,0,0
Paolo Banchero,ORL,PF,23,2024-11-07,32.3,0,0
Paolo Banchero,ORL,PF,23,2024-11-10,30.8,0,0
Paolo Banchero,ORL,PF,23,2024-11-12,35.0,0,0
Paolo Banchero,ORL,PF,23,2024-11-15,23.5,0,0
Paolo Banchero,ORL,PF,23,2024-11-16,33.8,0,0
Paolo Banchero,ORL,PF,23,2024-11-19,33.5,0,0
Paolo Banchero,ORL,PF,23,2024-11-20,17.9,0,0
Paolo Banchero,ORL,PF,23,2024-11-23,40.9,0,0
Paolo Banchero,ORL,PF,23,2024-11-25,27.8,0,0
Paolo Banchero,ORL,PF,23,2024-11-28,19.1,0,0
Paolo Banchero,ORL,PF,23,2024-12-01,30.7,0,0
Paolo Banchero,ORL,PF,23,2024-12-03,30.9,0,0
Paolo Banchero,ORL,PF,23,2024-12-04,24.8,0,0
Paolo Banchero,ORL,PF,23,2024-12-07,32.9,0,0
Paolo Banchero,ORL,PF,23,2024-12-09,23.4,0,0
Paolo Banchero,ORL,PF,23,2024-12-11,29.4,0,0
Paolo Banchero,ORL,PF,23,2024-12-14,32.8,0,0
Paolo Banchero,ORL,PF,23,2024-12-17,44.0,0,0
Paolo Banchero,ORL,PF,23,2024-12-19,37.0,0,0
Paolo Banchero,ORL,PF,23,2024-12-20,40.8,0,0
Paolo Banchero,ORL,PF,23,2024-12-23,16.4,0,0
Paolo Banchero,ORL,PF,23,2024-12-26,34.9,0,0
Paolo Banchero,ORL,PF,23,2024-12-27,28.4,0,0
Paolo Banchero,ORL,PF,23,2024-12-31,29.2,0,0
Paolo Banchero,ORL,PF,23,2025-01-02,36.4,0,0
Paolo Banchero,ORL,PF,23,2025-01-03,29.4,0,0
Paolo Banchero,ORL,PF,23,2025-01-06,38.9,0,0
Paolo Banchero,ORL,PF,23,2025-01-08,29.2,0,0
Paolo Banchero,ORL,PF,23,2025-01-11,36.4,0,0
Paolo Banchero,ORL,PF,23,2025-01-13,23.1,0,0
Paolo Banchero,ORL,PF,23,2025-01-16,24.6,0,0
Paolo Banchero,ORL,PF,23,2025-01-17,31.1,0,0
Paolo Banchero,ORL,PF,23,2025-01-20,34.8,0,0
Victor Wembanyama,SAS,C,22,2024-10-23,29.3,0,0
Victor Wembanyama,SAS,C,22,2024-10-24,23.4,0,0
Victor Wembanyama,SAS,C,22,2024-10-27,26.7,0,0
Victor Wembanyama,SAS,C,22,2024-10-28,19.2,0,0
Victor Wembanyama,SAS,C,22,2024-10-31,24.8,0,0
Victor Wembanyama,SAS,C,22,2024-11-03,29.2,0,0
Victor Wembanyama,SAS,C,22,2024-11-05,22.0,0,0
Victor Wembanyama,SAS,C,22,2024-11-07,39.1,0,0
Victor Wembanyama,SAS,C,22,2024-11-10,34.8,0,0
Victor Wembanyama,SAS,C,22,2024-11-12,31.7,0,0
Victor Wembanyama,SAS,C,22,2024-11-14,33.2,0,0
Victor Wembanyama,SAS,C,22,2024-11-16,35.6,0,0
Victor Wembanyama,SAS,C,22,2024-11-19,24.7,0,0
Victor Wembanyama,SAS,C,22,2024-11-20,35.8,0,0
Victor Wembanyama,SAS,C,22,2024-11-24,32.3,0,0
Victor Wembanyama,SAS,C,22,2024-11-26,30.1,0,0
Victor Wembanyama,SAS,C,22,2024-11-28,22.7,0,0
Victor Wembanyama,SAS,C,22,2024-11-30,25.8,0,0
Victor Wembanyama,SAS,C,22,2024-12-02,29.5,0,0
Victor Wembanyama,SAS,C,22,2024-12-05,30.1,0,0
Victor Wembanyama,SAS,C,22,2024-12-08,26.2,0,0
Victor Wembanyama,SAS,C,22,2024-12-09,36.2,0,0
Victor Wembanyama,SAS,C,22,2024-12-12,25.6,0,0
Victor Wembanyama,SAS,C,22,2024-12-13,32.1,0,0
Victor Wembanyama,SAS,C,22,2024-12-16,33.3,0,0
Victor Wembanyama,SAS,C,22,2024-12-19,29.8,0,0
Victor Wembanyama,SAS,C,22,2024-12-21,30.9,0,0
Victor Wembanyama,SAS,C,22,2024-12-24,29.7,0,0
Victor Wembanyama,SAS,C,22,2024-12-26,38.2,0,0
Victor Wembanyama,SAS,C,22,2024-12-27,30.6,0,0
Victor Wembanyama,SAS,C,22,2024-12-30,28.2,0,0
Victor Wembanyama,SAS,C,22,2025-01-02,20.9,0,0
Victor Wembanyama,SAS,C,22,2025-01-03,23.7,0,0
Victor Wembanyama,SAS,C,22,2025-01-05,27.2,0,0
Victor Wembanyama,SAS,C,22,2025-01-09,26.4,0,0
Victor Wembanyama,SAS,C,22,2025-01-10,30.7,0,0
Victor Wembanyama,SAS,C,22,2025-01-12,31.7,0,0
Victor Wembanyama,SAS,C,22,2025-01-16,30.6,0,0
Victor Wembanyama,SAS,C,22,2025-01-18,44.0,0,0
Victor Wembanyama,SAS,C,22,2025-01-20,32.5,0,0
Scottie Barnes,TOR,SF,24,2024-10-22,33.4,0,0
Scottie Barnes,TOR,SF,24,2024-10-24,31.2,0,0
Scottie Barnes,TOR,SF,24,2024-10-26,14.5,0,0
Scottie Barnes,TOR,SF,24,2024-10-28,17.4,0,0
Scottie Barnes,TOR,SF,24,2024-11-01,34.8,0,0
Scottie Barnes,TOR,SF,24,2024-11-02,29.3,0,0
Scottie Barnes,TOR,SF,24,2024-11-04,30.8,0,0
Scottie Barnes,TOR,SF,24,2024-11-08,33.8,0,0
Scottie Barnes,TOR,SF,24,2024-11-10,30.3,0,0
Scottie Barnes,TOR,SF,24,2024-11-11,32.2,0,0
Scottie Barnes,TOR,SF,24,2024-11-15,27.6,0,0
Scottie Barnes,TOR,SF,24,2024-11-16,36.5,0,0
Scottie Barnes,TOR,SF,24,2024-11-18,39.6,0,0
Scottie Barnes,TOR,SF,24,2024-11-21,25.0,0,0
Scottie Barnes,TOR,SF,24,2024-11-23,33.4,0,0
Scottie Barnes,TOR,SF,24,2024-11-25,35.4,0,0
Scottie Barnes,TOR,SF,24,2024-11-27,22.8,0,0
Scottie Barnes,TOR,SF,24,2024-11-30,26.3,0,0
Scottie Barnes,TOR,SF,24,2024-12-03,28.5,0,0
Scottie Barnes,TOR,SF,24,2024-12-05,22.6,0,0
Scottie Barnes,TOR,SF,24,2024-12-07,24.5,0,0
Scottie Barnes,TOR,SF,24,2024-12-10,36.6,0,0
Scottie Barnes,TOR,SF,24,2024-12-12,34.1,0,0
Scottie Barnes,TOR,SF,24,2024-12-14,22.6,0,0
Scottie Barnes,TOR,SF,24,2024-12-16,28.1,0,0
Scottie Barnes,TOR,SF,24,2024-12-18,15.8,0,0
Scottie Barnes,TOR,SF,24,2024-12-20,34.5,0,0
Scottie Barnes,TOR,SF,24,2024-12-24,35.9,0,0
Scottie Barnes,TOR,SF,24,2024-12-26,36.1,0,0
Scottie Barnes,TOR,SF,24,2024-12-28,30.7,0,0
Scottie Barnes,TOR,SF,24,2024-12-31,23.5,0,0
Scottie Barnes,TOR,SF,24,2025-01-01,27.8,0,0
Scottie Barnes,TOR,SF,24,2025-01-04,28.4,0,0
Scottie Barnes,TOR,SF,24,2025-01-06,25.9,0,0
Scottie Barnes,TOR,SF,24,2025-01-09,22.7,0,0
Scottie Barnes,TOR,SF,24,2025-01-11,39.6,0,0
Scottie Barnes,TOR,SF,24,2025-01-12,27.6,0,0
Scottie Barnes,TOR,SF,24,2025-01-15,27.0,0,0
Scottie Barnes,TOR,SF,24,2025-01-18,23.8,0,0
Scottie Barnes,TOR,SF,24,2025-01-19,20.4,0,0
LaMelo Ball,CHA,PG,25,2024-10-23,31.0,0,0
LaMelo Ball,CHA,PG,25,2024-10-24,29.9,0,0
LaMelo Ball,CHA,PG,25,2024-10-26,36.6,0,0
LaMelo Ball,CHA,PG,25,2024-10-29,27.6,0,0
LaMelo Ball,CHA,PG,25,2024-10-31,31.8,0,0
LaMelo Ball,CHA,PG,25,2024-11-02,28.9,0,0
LaMelo Ball,CHA,PG,25,2024-11-04,22.3,0,0
LaMelo Ball,CHA,PG,25,2024-11-08,38.2,0,0
LaMelo Ball,CHA,PG,25,2024-11-10,10.4,0,1
LaMelo Ball,CHA,PG,25,2024-11-12,28.4,0,0
LaMelo Ball,CHA,PG,25,2024-11-15,20.1,0,0
LaMelo Ball,CHA,PG,25,2024-11-16,29.0,0,0
LaMelo Ball,CHA,PG,25,2024-11-18,33.2,0,0
LaMelo Ball,CHA,PG,25,2024-11-21,22.7,0,0
LaMelo Ball,CHA,PG,25,2024-11-24,26.4,0,0
LaMelo Ball,CHA,PG,25,2024-11-25,28.8,0,0
LaMelo Ball,CHA,PG,25,2024-11-27,23.6,0,0
LaMelo Ball,CHA,PG,25,2024-11-30,29.8,0,0
LaMelo Ball,CHA,PG,25,2024-12-02,24.0,0,0
LaMelo Ball,CHA,PG,25,2024-12-04,29.8,0,0
LaMelo Ball,CHA,PG,25,2024-12-07,26.4,0,0
LaMelo Ball,CHA,PG,25,2024-12-09,24.3,0,0
LaMelo Ball,CHA,PG,25,2024-12-11,11.8,0,1
LaMelo Ball,CHA,PG,25,2024-12-14,25.9,0,0
LaMelo Ball,CHA,PG,25,2024-12-16,32.3,0,0
LaMelo Ball,CHA,PG,25,2024-12-19,36.1,0,0
LaMelo Ball,CHA,PG,25,2024-12-20,33.1,0,0
LaMelo Ball,CHA,PG,25,2024-12-24,25.2,0,0
LaMelo Ball,CHA,PG,25,2024-12-26,32.0,0,0
LaMelo Ball,CHA,PG,25,2024-12-27,29.6,0,0
LaMelo Ball,CHA,PG,25,2024-12-31,20.7,0,0
LaMelo Ball,CHA,PG,25,2025-01-02,23.5,0,0
LaMelo Ball,CHA,PG,25,2025-01-04,23.1,0,0
LaMelo Ball,CHA,PG,25,2025-01-06,10.2,0,1
LaMelo Ball,CHA,PG,25,2025-01-09,28.3,0,0
LaMelo Ball,CHA,PG,25,2025-01-10,30.0,0,0
LaMelo Ball,CHA,PG,25,2025-01-12,29.1,0,0
LaMelo Ball,CHA,PG,25,2025-01-16,27.2,0,0
LaMelo Ball,CHA,PG,25,2025-01-17,31.7,0,0
LaMelo Ball,CHA,PG,25,2025-01-20,29.1,0,0
Trae Young,ATL,PG,27,2024-10-22,40.8,0,0
Trae Young,ATL,PG,27,2024-10-25,30.3,0,0
Trae Young,ATL,PG,27,2024-10-26,18.9,0,0
Trae Young,ATL,PG,27,2024-10-29,31.4,0,0
Trae Young,ATL,PG,27,2024-11-01,30.3,0,0
Trae Young,ATL,PG,27,2024-11-02,31.1,0,0
Trae Young,ATL,PG,27,2024-11-05,28.0,0,0
Trae Young,ATL,PG,27,2024-11-08,23.6,0,0
Trae Young,ATL,PG,27,2024-11-10,32.0,0,0
Trae Young,ATL,PG,27,2024-11-12,30.9,0,0
Trae Young,ATL,PG,27,2024-11-15,25.3,0,0
Trae Young,ATL,PG,27,2024-11-16,28.9,0,0
Trae Young,ATL,PG,27,2024-11-18,27.6,0,0
Trae Young,ATL,PG,27,2024-11-20,28.7,0,0
Trae Young,ATL,PG,27,2024-11-24,36.0,0,0
Trae Young,ATL,PG,27,2024-11-25,27.2,0,0
Trae Young,ATL,PG,27,2024-11-28,28.3,0,0
Trae Young,ATL,PG,27,2024-11-30,35.7,0,0
Trae Young,ATL,PG,27,2024-12-02,30.0,0,0
Trae Young,ATL,PG,27,2024-12-04,38.4,0,0
Trae Young,ATL,PG,27,2024-12-08,28.8,0,0
Trae Young,ATL,PG,27,2024-12-10,32.5,0,0
Trae Young,ATL,PG,27,2024-12-12,28.5,0,0
Trae Young,ATL,PG,27,2024-12-13,33.1,0,0
Trae Young,ATL,PG,27,2024-12-17,35.6,0,0
Trae Young,ATL,PG,27,2024-12-19,31.9,0,0
Trae Young,ATL,PG,27,2024-12-20,32.4,0,0
Trae Young,ATL,PG,27,2024-12-24,29.8,0,0
Trae Young,ATL,PG,27,2024-12-26,31.4,0,0
Trae Young,ATL,PG,27,2024-12-28,16.1,0,0
Trae Young,ATL,PG,27,2024-12-31,27.0,0,0
Trae Young,ATL,PG,27,2025-01-02,22.8,0,0
Trae Young,ATL,PG,27,2025-01-04,36.8,0,0
Trae Young,ATL,PG,27,2025-01-06,28.4,0,0
Trae Young,ATL,PG,27,2025-01-08,38.4,0,0
Trae Young,ATL,PG,27,2025-01-10,36.2,0,0
Trae Young,ATL,PG,27,2025-01-12,19.5,0,0
Trae Young,ATL,PG,27,2025-01-15,31.2,0,0
Trae Young,ATL,PG,27,2025-01-18,31.3,0,0
Trae Young,ATL,PG,27,2025-01-19,27.8,0,0
Karl-Anthony Towns,NYK,C,30,2024-10-23,38.5,0,0
Karl-Anthony Towns,NYK,C,30,2024-10-25,21.4,0,0
Karl-Anthony Towns,NYK,C,30,2024-10-26,29.9,0,0
Karl-Anthony Towns,NYK,C,30,2024-10-29,31.4,0,0
Karl-Anthony Towns,NYK,C,30,2024-10-31,30.8,0,0
Karl-Anthony Towns,NYK,C,30,2024-11-02,26.8,0,0
Karl-Anthony Towns,NYK,C,30,2024-11-05,22.1,0,0
Karl-Anthony Towns,NYK,C,30,2024-11-07,34.6,0,0
Karl-Anthony Towns,NYK,C,30,2024-11-09,28.3,0,0
Karl-Anthony Towns,NYK,C,30,2024-11-12,34.2,0,0
Karl-Anthony Towns,NYK,C,30,2024-11-14,29.6,0,0
Karl-Anthony Towns,NYK,C,30,2024-11-17,22.8,0,0
Karl-Anthony Towns,NYK,C,30,2024-11-19,34.6,0,0
Karl-Anthony Towns,NYK,C,30,2024-11-20,37.0,0,0
Karl-Anthony Towns,NYK,C,30,2024-11-23,38.3,0,0
Karl-Anthony Towns,NYK,C,30,2024-11-25,37.1,0,0
Karl-Anthony Towns,NYK,C,30,2024-11-28,31.6,0,0
Karl-Anthony Towns,NYK,C,30,2024-12-01,31.0,0,0
Karl-Anthony Towns,NYK,C,30,2024-12-02,9.0,0,1
Karl-Anthony Towns,NYK,C,30,2024-12-05,28.7,0,0
Karl-Anthony Towns,NYK,C,30,2024-12-08,36.1,0,0
Karl-Anthony Towns,NYK,C,30,2024-12-09,41.4,0,0
Karl-Anthony Towns,NYK,C,30,2024-12-12,25.0,0,0
Karl-Anthony Towns,NYK,C,30,2024-12-14,27.6,0,0
Karl-Anthony Towns,NYK,C,30,2024-12-16,33.0,0,0
Karl-Anthony Towns,NYK,C,30,2024-12-18,28.7,0,0
Karl-Anthony Towns,NYK,C,30,2024-12-21,10.5,0,0
Karl-Anthony Towns,NYK,C,30,2024-12-24,22.0,0,0
Karl-Anthony Towns,NYK,C,30,2024-12-25,32.5,0,0
Karl-Anthony Towns,NYK,C,30,2024-12-28,32.1,0,0
Karl-Anthony Towns,NYK,C,30,2024-12-31,41.3,0,0
Karl-Anthony Towns,NYK,C,30,2025-01-01,26.2,0,0
Karl-Anthony Towns,NYK,C,30,2025-01-03,25.4,0,0
Karl-Anthony Towns,NYK,C,30,2025-01-05,38.4,0,0
Karl-Anthony Towns,NYK,C,30,2025-01-08,35.1,0,0
Karl-Anthony Towns,NYK,C,30,2025-01-10,31.2,0,0
Karl-Anthony Towns,NYK,C,30,2025-01-13,21.4,0,0
Karl-Anthony Towns,NYK,C,30,2025-01-15,28.3,0,0
Karl-Anthony Towns,NYK,C,30,2025-01-18,34.3,0,0
Karl-Anthony Towns,NYK,C,30,2025-01-20,32.8,0,0
Jalen Brunson,NYK,PG,28,2024-10-23,31.2,0,0
Jalen Brunson,NYK,PG,28,2024-10-24,29.2,0,0
Jalen Brunson,NYK,PG,28,2024-10-27,24.5,0,0
Jalen Brunson,NYK,PG,28,2024-10-28,30.0,0,0
Jalen Brunson,NYK,PG,28,2024-10-31,36.3,0,0
Jalen Brunson,NYK,PG,28,2024-11-02,24.1,0,0
Jalen Brunson,NYK,PG,28,2024-11-04,21.8,0,0
Jalen Brunson,NYK,PG,28,2024-11-08,33.7,0,0
Jalen Brunson,NYK,PG,28,2024-11-10,28.0,0,0
Jalen Brunson,NYK,PG,28,2024-11-11,22.2,0,0
Jalen Brunson,NYK,PG,28,2024-11-14,24.2,0,0
Jalen Brunson,NYK,PG,28,2024-11-16,31.6,0,0
Jalen Brunson,NYK,PG,28,2024-11-19,34.7,0,0
Jalen Brunson,NYK,PG,28,2024-11-21,27.4,0,0
Jalen Brunson,NYK,PG,28,2024-11-23,28.7,0,0
Jalen Brunson,NYK,PG,28,2024-11-25,18.2,0,0
Jalen Brunson,NYK,PG,28,2024-11-27,26.6,0,0
Jalen Brunson,NYK,PG,28,2024-11-30,27.8,0,0
Jalen Brunson,NYK,PG,28,2024-12-03,9.5,0,1
Jalen Brunson,NYK,PG,28,2024-12-05,29.8,0,0
Jalen Brunson,NYK,PG,28,2024-12-07,15.3,0,0
Jalen Brunson,NYK,PG,28,2024-12-10,27.0,0,0
Jalen Brunson,NYK,PG,28,2024-12-12,29.9,0,0
Jalen Brunson,NYK,PG,28,2024-12-13,27.5,0,0
Jalen Brunson,NYK,PG,28,2024-12-16,34.6,0,0
Jalen Brunson,NYK,PG,28,2024-12-18,28.1,0,0
Jalen Brunson,NYK,PG,28,2024-12-20,36.0,0,0
Jalen Brunson,NYK,PG,28,2024-12-23,18.9,0,0
Jalen Brunson,NYK,PG,28,2024-12-26,19.2,0,0
Jalen Brunson,NYK,PG,28,2024-12-28,23.9,0,0
Jalen Brunson,NYK,PG,28,2024-12-30,19.8,0,0
Jalen Brunson,NYK,PG,28,2025-01-02,27.2,0,0
Jalen Brunson,NYK,PG,28,2025-01-03,31.7,0,0
Jalen Brunson,NYK,PG,28,2025-01-06,31.5,0,0
Jalen Brunson,NYK,PG,28,2025-01-08,33.6,0,0
Jalen Brunson,NYK,PG,28,2025-01-11,35.2,0,0
Jalen Brunson,NYK,PG,28,2025-01-12,28.6,0,0
Jalen Brunson,NYK,PG,28,2025-01-15,24.8,0,0
Jalen Brunson,NYK,PG,28,2025-01-17,30.1,0,0
Jalen Brunson,NYK,PG,28,2025-01-20,20.5,0,0
